A - HGNC,B - Protein abundance 24 hours after infection vs mock control,C - Protein abundance 48 hours after infection vs mock control,"D - siRNA Screen Average Zscore (the higher the score, the stronger the negative effect on viral replication)",E - mRNA expression 24 hours after infection (log2FC_24hpi),F - mRNA expression 48 hours after infection (log2FC_48hpi)
ZWILCH,,,1.406935206,,
ZSCAN9,,,1.680724549,,
ZSCAN16,,,1.882437998,,
ZSCAN10,,,1.498169094,,
ZNRF3,,,1.363027892,,
ZNF846,,,1.681527509,,
ZNF830,,,1.277953815,,
ZNF724,,,,,-2.465181913
ZNF711,,,,,-2.128946405
ZNF708,,,1.52776384,,
ZNF704,,,1.356330411,,
ZNF702P,,,,,3.298257767
ZNF623,,,,,-6.412347441
ZNF618,,,,2.220139126,2.580671627
ZNF608,,,1.222805245,,
ZNF594,,,,,-4.348260478
ZNF580,,,,,3.849240043
ZNF567,,,1.699751791,,
ZNF565,,,1.279754307,,
ZNF560,,,1.371358274,,
ZNF529,,,1.949122983,,
ZNF512,,,1.414001777,,
ZNF510,,,1.32352704,,
ZNF491,,,1.116831763,,
ZNF490,,,1.324101359,,
ZNF41,,,,,2.012944215
ZNF408,,,,-2.267611294,
ZNF354C,,,1.222872598,,
ZNF300P1,,,,,2.847879043
ZNF235,,,1.199703141,,
ZNF226,,,1.362888971,,
ZNF212,,,2.235643441,,
ZNF175,,,,,2.469280666
ZNF107,,,,,2.199306174
ZMYND15,,,1.302149751,,
ZKSCAN3,,,1.652508946,,
ZIK1,,,,2.174864059,
ZGPAT,,,,2.44206836,
ZFYVE9,,,1.38438038,,
ZFP36L2,,,,-2.148474677,
ZFP3,,,,3.636198564,
ZEB2,,,1.201469889,,
ZC3HAV1,,,,,2.214460226
ZC3H18,,,1.137189513,,
ZBTB8A,,,1.803124229,-2.194689659,
ZBTB39,,,,-2.249347702,
ZBTB3,,,1.328586565,,
ZBP1,,,,7.415695975,7.994080836
ZBED4,,,1.601351556,,
ZBED3,,,1.961540764,,
YWHAZP3,,,,,-5.982037438
YWHAZ,,,1.117544038,,
YWHAH,,,,,3.148170727
YPEL4,,,1.801291498,,
YPEL2,,,1.3248204,,
YJEFN3,,,1.451950834,,
YIPF4,,,1.492981803,,
YARS1,,,1.27088285,,
XRN1,,1.832641085,,,2.243886852
XCR1,,,1.667205848,,
XBP1,,,,,2.192241457
XAF1,,,,2.578135291,3.786337991
XAB2,,,1.47037704,,
WNT5B,,,1.589909638,,
WNT5A,,,,,3.400017725
WNT2,,,1.425206242,,
WNT16,,,1.145201644,,
WNK4,,,1.409063514,,
WIPF1,,,1.233937575,,
WIF1,,,1.269663963,,
WFS1,,,,,-4.608783966
WFIKKN2,,,1.274534697,,
WDR44,,,1.50898343,,
WDR19,,,1.813609189,,
WDFY4,,,1.215775279,,
WAKMAR2,,,,,2.052040702
VWF,,,,,-3.174815256
VWA7,,,1.250301326,,
VTI1B,,,1.208293995,,
VSTM1,,,,,-4.074794607
VSIG10L,,,,,2.260143608
VPS54,,,1.947314129,,
VPS53,,,1.10394582,,
VPS26C,,,1.203850052,,
VNN1,,,,,-2.225633387
VMO1,,,1.308182534,,
VLDLR,,,,,-2.698020435
VIPR1,,,1.373017766,,-3.097651057
VEPH1,,,1.141934525,,
VCX2,,,2.103446905,,
VCAM1,,,,,2.339997895
UTP18,,,1.62089633,,
UTP14A,,,1.275346749,,
USP51,,,,,-2.530404193
USP44,,,1.24480163,,
USP41P,,,,3.60559081,4.48649546
USP30-AS1,,,,,2.843704244
USP18,,,,3.75757904,4.914183423
USH1G,,,1.192067591,,
USF3,,,1.446304773,,
URI1,,,1.115899843,,
UQCRQ,,,,,-2.174966501
UQCRFS1P1,,,,,-2.123453622
UPF3B,,,1.258473024,,
UPB1,,,,,4.852647478
UNC5C,,,,,4.009262289
ULK3,,,1.920299187,,
UGP2,,,1.30060677,,
UCP2,,,,,-2.3477491
UCN,,,1.435068633,,
UCHL5,1.258477297,,,,
UCHL1,,-2.812635139,,,
UBXN7,,-2.721373263,,,
UBTD1,,,1.104849414,,
UBR4,,,1.115231155,,
UBE2QL1,,,1.489264609,,
UBE2O,1.145852987,,1.124495997,,
UBE2L6,,2.504379703,,,
UBE2J1,,,1.659325194,,
UBD,,,,,3.379379398
UBAP2,,,1.300752681,,
TYMP,,,,,2.000156273
TXNRD2,2.496962686,,,,
TXNL4B,,,1.510638731,,
TXNDC12,,,2.250792921,,
TUSC1,,,,-2.03146195,
TULP2,,,,2.933048917,3.566324135
TUBB2A,,,,,-2.342686646
TUBA3D,,,1.107820502,,
TTI2,,,1.887892237,,
TTC5,,,2.573084988,,
TTC39A,,,,,2.161724798
TSPYL5,,,,3.456797383,
TSPAN5,,,1.154061219,,
TSPAN33,,,1.172037534,,
TSPAN15,,,1.303064005,,
TSPAN10,,,1.759307206,,
TSNAX-DISC1,,,,,5.09648459
TSKU,,,1.190369125,,
TSHZ2,,,1.367125728,,
TSGA10IP,,,1.200564394,,
TSEN15,,,1.458940607,,
TRNAU1AP,,,1.204857175,,
TRMT112,,,1.427854335,,
TRMT10C,,,,,5.563049862
TRIR,,,1.205628239,,
TRIP11,,,1.378049163,,
TRIM73,,,1.515252504,,
TRIM69,,,,,2.966759419
TRIM54,,,,,-2.728444139
TRIM5,,,,2.461762726,3.151971953
TRIM31,,,,4.432883954,5.252081494
TRIM24,,,1.459981891,,
TRIM22,,,,2.654225418,2.912001278
TRIM21,,,,,2.678713623
TRIB2,,,,2.835462333,2.666427897
TRIB1,,,,,-2.385038175
TRHR,,,1.110405527,,
TRAPPC2L,,,,,-2.042776133
TRANK1,,,,2.133498444,2.104421619
TRAFD1,,,,,2.28318007
TRADD,,,,,2.095533107
TPM2,,,,,-2.511331401
TP53I13,,,,,-2.256178416
TOR1B,,,,,2.536339897
TOMM70,,,1.2824343,,
TOMM34,,,1.395216731,,
TOB1,,,1.73081389,,
TNKS1BP1,,,1.368691027,,
TNIP3,,,,5.081562335,10.90977375
TNFSF18,,,,,4.79617696
TNFSF13B,,,,2.169117826,3.781879713
TNFSF10,,,,5.849113775,6.16181457
TNFRSF9,,,,,3.497599893
TNFRSF21,,,,,-2.131956787
TNFRSF12A,,,,-2.443426404,
TNFAIP6,,,,3.265415604,6.266653842
TNF,,,,2.492981672,5.088999092
TMTC1,,,1.468799144,,
TMPRSS3,,,1.45932811,,
TMPRSS13,,,,,2.365315608
TMEM97,,,,-4.252729969,
TMEM94,,,1.134475584,,
TMEM91,,,,,-2.263703494
TMEM69,,,1.849096524,,
TMEM64,,,1.176285558,,
TMEM52B,,,,2.987889,2.332640222
TMEM51,,,1.138676956,,
TMEM45B,,,,,-2.415484508
TMEM44,,,1.236212593,,
TMEM39B,,,1.136206823,,
TMEM35A,,,1.455742352,,
TMEM33,,,1.577756485,,
TMEM30B,,,2.092291497,,
TMEM270,,,1.206763592,,
TMEM266,,,1.691599915,,
TMEM237,,,1.440205453,,
TMEM229B,,,,,3.33895645
TMEM212,,,,3.746152544,6.423641863
TMEM201,,,1.116452928,,
TMEM199,,,1.580151146,,
TMEM187,,,,,-2.771355228
TMEM183BP,,,1.153258827,,
TMEM17,,,1.605452388,,
TMEM150C,,,,,2.400739075
TMEM147-AS1,,,,,-3.552335771
TMEM147,,,1.270250325,,
TMEM139,,,,,2.518413791
TMEM126B,,,1.309366001,,
TMED4,,,1.108231988,,
TMCO3,,,1.523922569,,
TMC6,,,,,-2.835190351
TM9SF1,,,1.107574927,,
TM4SF19-DYNLT2B,,,,,-2.737752875
TM4SF19-AS1,,,,,-2.422718293
TM4SF19,,,,,-2.783795041
TLX1NB,,,1.252502367,,
TLR8,,,,3.374184613,3.510536481
TLR3,,,,2.417594074,3.912255257
TLE5,,,1.220339092,,
TLCD1,,,1.108863166,,
TIMP4,,,1.156148675,,
TIE1,,,,,-2.559491428
THEMIS,,,1.287459144,,
THEM6,,,1.369896832,,
THAP12P7,,,,-3.82441284,-7.520187469
TGM2,,,,,-2.568053898
TGIF2,,,,,-2.849792495
TFPT,,,1.301127282,,
TFPI2,,,,,6.225043271
TEX55,,,2.012505742,,
TEX264,,,1.436758336,,
TESPA1,,,,,3.119979726
TENT5C,,,,,2.482153359
TDRD9,,,1.182273976,,-2.844318677
TDRD7,,3.050368893,,2.269517374,2.622430248
TCP11L1,,,1.190355043,,
TCL6,,,1.351189393,,
TCEANC,,,,,2.687802263
TBX21,,,1.288024422,,
TBX20,,,1.413783442,,
TBK1,,,1.690677128,,
TBCCD1,,,1.457648595,,
TBC1D3B,,,1.370664185,,
TBC1D23,,,1.306626483,,
TBC1D10C,,,,,-2.19695321
TAS2R9,,,1.169100232,,
TAS2R16,,,1.714324183,,
TARP,,,1.234508256,,
TAP2,,,,,3.131936802
TAP1,,1.254141695,,,3.190053689
TAOK3,,,1.255493114,,
TANC1,,,1.466205278,,
TAGAP,,,,2.022785639,3.535010383
TAF7,,,,3.92788382,
TAF1D,,,1.686150215,,
TADA3,,,1.098675554,,
TACC3,,,1.419608238,,
TAC3,,,,3.753710748,8.310820224
SZT2,,,1.15870671,,
SYTL1,,,,,-2.591571538
SYT15,,,1.613938539,2.006713704,2.211292078
SYT11,,,1.739297142,,
SYT1,,,,,-3.643873032
SYNPO2,,,1.122113528,,5.004197813
SYNPO,,,,,3.342089521
SYNC,,,1.284023306,,
SYCP2L,,,1.609109154,,
SUPT3H,,,1.505016946,,
SUMF2,,,1.555739637,,
SUDS3P1,,,,2.042546961,
STXBP1,,,,,-2.007052174
STX12,,,1.218370308,,
STX11,,,,3.763858866,2.791154298
STUM,,,1.165640793,,
STOX2,,,1.269913361,,
STOX1,,,1.306122213,,
STOML1,,,,2.463601542,3.269948489
STOM,,1.878361517,,,2.083760291
STK17A,,,,,2.07631086
STEAP4,,,,2.350003938,3.317246802
STATH,,,1.110966252,,
STAT2,,2.441895404,1.837156228,,2.356223959
STAT1,,2.708410504,,2.751635954,3.366775964
STAP1,,,,6.394815515,6.226942419
STAB1,,,,,-2.822945985
ST8SIA4,,,,,2.107063447
ST6GALNAC4,,,1.198102077,,-2.027850923
ST6GALNAC3,,,,,-2.755435914
ST3GAL3,,,1.97052226,,
SSPOP,,,1.34820491,,
SSB,,,,,2.009418664
SRSF8,,,,,-3.919729596
SRSF11,,,1.342903291,,
SRRM3,,,1.276579992,,
SRFBP1,,,1.72464248,,
SPRR4,,,1.24569537,,
SPRR2B,,,1.217511684,,
SPRING1,,,,,-2.01415878
SPOPL,,,1.2492457,,
SPON1,,,,3.138299407,3.941877927
SPOCD1,,,,,-2.747572695
SPINDOC,,,1.754906052,,
SPECC1,,,1.339039681,,
SPATS2L,,0.664048158,,,
SPATC1L,,,1.290393769,,
SPATC1,,,1.106705262,,
SPATA31G1,,,1.57667465,,
SPATA12,,,,-2.562906726,
SPARC,,,,,-2.268423329
SPAG11A,,,1.231745857,,
SPA17,,,2.145747855,,
SP140,,,,2.965999951,3.481205792
SP110,0.842989962,2.214229617,,2.758843792,3.157244417
SP100,,1.528571932,,,
SOX13,,,1.203010471,,
SOWAHC,,,,-5.75033706,
SOD2,,,,,3.105013551
SOD1,,,1.445333318,,
SOCS2,,,,,2.516615371
SOCS1,,,,2.317312437,2.606520113
SNX25,,,1.521554797,,
SNX20,,,1.392038935,,
SNX17,,,1.556514473,,
SNURF,,,1.30839756,,
SNRNP35,,,1.42336012,,
SNRNP27,,,1.247369325,,
SNRNP25,,,,,-2.594644621
SNORD94,,,,-5.249637352,
SNHG20,,,,,-3.058506884
SNED1,,,,,-2.239532488
SNCA,,-2.165704026,,,
SMTNL1,,,,2.561349979,3.267474135
SMTN,,,1.222721728,,
SMIM19,,,1.1125165,,
SMIM18,,,,,2.092446129
SMIM13,,,1.1541416,,
SMCO2,,,,,3.159729595
SMAD6,,,1.138153331,,
SLURP1,,,1.408138049,,
SLFN12L,,,,4.786405789,5.545521292
SLFN12,,,,,2.134900698
SLFN11,,,1.225621073,,
SLC9A3-AS1,,,,,-2.023120879
SLC9A2,,,,,-2.002158987
SLC7A13,,,1.186116612,,
SLC5A3,,,1.242828821,,
SLC51B,,,1.114684521,,
SLC45A3,,,,,-2.607852432
SLC44A1,,,1.743059119,,
SLC43A1,,,,,-2.874015156
SLC39A8,,,,,2.083390607
SLC39A3,,,,,-2.174472471
SLC38A5,,,,4.854372125,7.169937763
SLC37A2,,,,,-2.944238258
SLC35F3,,,,,-4.889804633
SLC35E3,,,1.284479962,,
SLC35D2,,,1.318781264,,
SLC35B2,,,1.658906063,,
SLC32A1,,,1.328392575,,
SLC30A9,,,1.537637525,,
SLC30A4,,,,,2.363656495
SLC30A3,,,,,-2.302540774
SLC30A1,-2.114594111,,,,-2.60444152
SLC2A4RG,,,1.217186492,,-2.061515288
SLC2A12,,,1.263991648,,2.669389496
SLC25A21,,,1.210933296,,
SLC25A17,,,1.413230631,,
SLC24A4,,,,,-2.684548779
SLC22A13,,,1.226793839,,
SLC19A1,,,,,-2.582931123
SLC18B1,,,,2.398612782,
SLC16A7,,,,,-3.111008761
SLC16A12,,,,7.800128375,7.356990346
SLC16A10,,,,,-2.007798958
SLC13A5,,,,-4.317471221,
SLC10A6,,,1.163366239,,
SLBP,,,1.106707898,,
SLAMF7,,1.171972565,,,
SKA3,,,1.523712951,,
SKA2,,,1.428688046,,
SIRT2,,,1.643920944,,
SIRPA,,,1.165752938,,
SIMC1,,,1.499881514,,
SIMALR,,,,4.053662304,7.64752147
SIM2,,,1.457969057,,
SIGLEC8,,,1.249233836,,
SIGLEC1,,2.605906967,,3.100289914,4.86516456
SIGIRR,,,,,-2.229678441
SIDT1,,,,2.062571092,
SHISA4,,,1.940671799,,
SHC3,,,1.614872477,,
SHANK3,,,1.38850419,,
SH3GL1,,,2.105077708,,
SH2D3C,,,1.097480872,,
SH2D1B,,,,5.521621794,5.713500707
SGPP2,,,,,2.584833185
SGIP1,,,,6.243304299,6.488245741
SFXN2,,,,,-2.66473814
SFTPC,,,1.329811074,,
SFT2D3,,,2.255091343,,
SFT2D2,,,1.110175408,,
SFMBT1,,,1.395175285,,
SETD7,,,1.095402015,,
SERTAD2,,,,,-3.095841914
SERPINH1,,1.071614534,,,
SERPING1,,,1.996975127,3.883687105,4.566919268
SERPINB9P1,,,,2.279284295,2.169188484
SERPINB9,,,,,2.308581029
SERPINB10,,,,,6.206161192
SERPINA11,,,1.482477688,,
SERINC2,,,,,-2.442486428
SEPTIN6,,,1.275196678,,
SEPTIN5,,,1.159873695,,-4.177445718
SEPSECS,,,1.911336132,,
SEMG1,,,,,-2.19460735
SEMA4D,,,,,2.186708331
SEMA4A,,,,,2.226449364
SEMA3F-AS1,,,,-2.167094811,
SEMA3F,,,1.53459852,,
SEMA3D,,,,4.448537723,7.837903065
SEMA3A,,,,,2.38694679
SELP,,,1.399738844,,
SELL,,,1.679954597,2.117799781,3.531265975
SELENON,,,,,-2.228475474
SECTM1,,,,3.853388104,4.387917821
SEC24B,,,1.126247238,,
SEC22C,,,1.455542249,,
SDR9C7,,,1.531087211,,
SDK1,,,,,-2.394525103
SDC2,,,,,-2.09743789
SDC1,,,,,-2.3182993
SCUBE2,,,,,2.22564849
SCRN2,,,1.411063966,,
SCOC,,,1.109655204,,
SCN3A,,,,3.900109198,7.675118804
SCLT1,,,,,2.062383488
SCIMP,,,,,2.998681647
SCGB2B2,,,1.895502141,,
SCFD1,,,1.398274351,,
SCD,,,,,-2.330454681
SCART1,,,,,2.439916843
SCAMP2,,,1.213920734,,
SCAMP1-AS1,,,,3.591078355,
SCAF11,,,1.490623933,,
SBF1,,,,,-2.139829732
SBDS,,,1.300042977,,
SAXO4,,,2.055226564,,
SAT1,,,,,2.018326076
SAR1A,,,1.750373701,,
SAMSN1,,,,,2.109494745
SAMD9L,1.172951102,1.858370323,,2.920303469,4.517262664
SAMD9,,1.653304209,,,5.097999371
SAMD4A,,,,2.056018972,
SAMD11,,,,,-4.801134221
SAFB2,,,1.293418992,,
SAAL1,,,1.655344809,,
S1PR1,,,,2.795488067,
S100A9,,,1.366987484,,-2.263715591
S100A4,,,,,-2.178198447
S100A10,,,1.566411822,,
RXFP1,,,,5.477938147,4.811051188
RUNX3,,,,,2.3785283
RUFY4,,,,,2.210328439
RUBCNL,,,,,-2.181753125
RTP4,,,,,4.590393751
RTP2,,,1.536381585,,
RTL9,,,,,4.387507306
RSAD2,,,,6.689114369,9.149451093
RRAGB,,,1.645767617,,
RPUSD1,,,,,-2.09766017
RPSAP9,,,,,-2.307021165
RPSAP54,,,,,-3.531182179
RPS6KA1,,,1.400348357,,
RPS4X,,,1.178241286,,
RPS2P55,,,,,-4.771751465
RPS26P47,,,,-5.343940271,
RPRML,,,1.993579104,,
RPL7AP66,,,,-7.71216927,-2.524500957
RPL7A,,,1.810023097,,
RPL23AP42,,,,,-2.323002205
RPL15P3,,,,7.790947759,7.746835595
RPL13A,,,1.896063522,,
RPL13,,,,,-2.088141636
RPA4,,,1.282072571,,
ROR1,,,,,-2.00290432
RNU1-3,,,,,3.809248256
RNPS1,,,1.459266675,,
RNLS,,,1.167627424,,
RNF43,,,,,4.430766287
RNF215,,,1.534758457,,
RNF213-AS1,,,,4.731135005,2.747525971
RNF213,,1.577665674,,2.240977259,
RNF19B,,,,,2.582123476
RNF152,,,,,2.359846146
RNF135,,,1.402700348,,
RNF126,,-0.675007177,,,
RNF125,,,,,-2.875654669
RND3,,,,,3.331209877
RNASE13,,,1.366228357,,
RNASE11,,,1.589217103,,
RN7SL4P,,,,7.21547792,
RN7SL3,,,,-3.119142966,-5.12379576
RN7SKP80,,,,5.586726913,
RMI2,,,,,3.74841586
RMDN2,,,1.432615253,,
RIPK2,,,,,2.124985127
RINL,,,1.661204937,,
RING1,1.150034561,0.891145679,,,
RIMS2,,,,,3.403039403
RIGI,3.020813326,4.380299408,,4.542907458,4.700066736
RHPN2,,,1.358525603,,
RHOBTB3,,,1.315925177,,
RHOBTB2,,,1.896798485,,
RHEBL1,,,,,3.089707343
RHBDF1,,,1.146168833,,-2.481160298
RHBDD2,,,1.146700069,,
RGS9,,,,,6.117057621
RGS22,,,1.39263524,,
RGS19,,,,-3.46569288,
RGS18,,,,,-2.350365681
RGS16,,,,,-2.675565431
RGS14,,,,,-2.211517197
RGL4,,,1.112018823,,
RGL1,,,1.244815501,,2.199537436
RGCC,,-1.448225267,,,
RFLNB,,,,,-2.149882131
RERGL,,,1.137422376,,
RERG,,,1.540908438,,
REC114,,,1.936043209,,
RCL1,,,1.184638122,,
RCE1,,,1.151541239,,
RBPMS2,,,1.42554161,,
RBMY1E,,,1.272885076,,
RBMY1B,,,1.123203052,,
RBMS2,,,,2.268375981,
RBM22,,,1.177563305,,
RBM15B,,,1.258605818,,
RASSF7,,,1.462824999,,-2.06135628
RASSF5,,,1.870598395,,
RASIP1,,,1.365305829,,
RASAL1,,,,,-2.307805031
RAPGEFL1,,,1.234129869,,
RAP1GAP,,,,,-2.178465848
RANBP3L,,,1.259171857,7.063673884,9.733418682
RANBP3,,,1.098890225,,
RAMP1,,,1.182200766,,
RAMACL,,,,,6.283978711
RALBP1,,,1.911005938,,
RAI14,,,,,-2.035508158
RADX,,,,,-2.105654827
RAD54B,,,1.571380748,,
RAD17P2,,,,,2.032203123
RABGAP1L-IT1,,,,3.63447763,4.341430146
RABGAP1L-AS1,,,,2.437151229,2.745659467
RABEPK,,,1.218941397,,
RAB9A,,,1.142795213,,
RAB5B,-1.361548243,-1.906787897,,,
RAB43,1.346686195,,,,
RAB40C,,,1.8043773,,
RAB3D,,,,-2.561678762,-2.024029039
RAB39B,,,,,2.060652337
RAB39A,,,,,3.272293528
RAB1AP1,,,,3.167019589,4.619818839
RAB11FIP5,,,1.168631678,,
R3HDM4,,,1.46401119,,
QKI,,,1.695720073,,
PYY,,,1.8392058,,
PYDC2,,,1.375593125,,
PXT1,,,,,2.068220522
PWP2,,,1.218332557,,
PUS7L,,,1.559349348,,
PTPRF,,,1.362029968,,
PTPRD,,,1.208276089,,
PTPN7,,,1.552685418,,
PTPN13,,,,,-2.107542067
PTOV1,,,,,-2.106726906
PTMS,,,1.319067442,,
PTGS2,,,,4.043193308,5.473799111
PTGFRN,,,1.322915924,,
PTGES3L-AARSD1,,,,5.224656279,
PTGER3,,,,,5.20664375
PTGDR2,,,1.131184964,,
PTDSS2,,,1.388348075,,
PTCHD4,,,2.092970099,,
PTCHD1,,,,,7.719531993
PSORS1C1,,,1.120093499,,
PSMF1,,,1.388241036,,
PSME2,,,,,2.290147101
PSMD6,,,2.072300563,,
PSMC2P1,,,,,-2.914223154
PSMC2,,,1.495251305,,
PSMB9,,,,2.242619031,2.504072834
PSG3,,,2.256097919,,
PSG11,,,1.109903113,,
PSD4,0.653926188,0.814482558,,,
PSAT1,,,,,-2.299177533
PRXL2C,,,1.171820493,,
PRXL2A,,,,,-2.104367706
PRX,,,1.171226888,,
PRSS55,,,1.501173111,,
PRSS23,,,,,3.102986075
PRRG2,,,1.262737364,,
PRR34,,,1.174279369,,
PRR21,,,1.957958478,,
PRR14L,,,1.405791475,,
PROX1,,,1.523551357,,
PRNP,,,,-4.43818478,
PRMT5,,,1.102262087,,
PRLR,,,,2.848986638,3.446810824
PRKCI,,,1.255552638,,
PRKCB,,,,,-2.082448195
PRKACA,2.336694091,,,,
PRKAA1,,-2.160761917,,,
PRICKLE1,,,,2.003919592,2.937186738
PRG4,,,1.341840268,,
PRDX6,,,1.516554582,,
PRDX2,,,,,-2.395531688
PRDM8,,,,,2.192512003
PRDM4,,,1.347228112,,
PRDM11,,,1.89490336,,
PRAMEF10,,,1.150642878,,
PRAME,,,,,5.563697309
PRAM1,,,,,-2.317533214
PRAL,,,,4.106739691,9.601909938
PRADC1,,,,,-2.808948081
PPT2,,,1.271098731,,
PPP2R2A,,,1.401996677,,
PPP1R27,,,1.592763403,,
PPP1R17,,,,,-3.958949972
PPP1R14A,1.624327066,,,,
PPP1R12A,,,1.265323161,,
PPM1M,,,1.236578083,,
PPM1K-DT,,,,3.765969579,7.156340564
PPM1K,,,,3.179653656,3.920554715
PPM1J,,,,,-2.113131877
PPIF,,,1.300646595,,
PPA1,,,,,2.854237652
POU2AF1,,,1.801015384,,
POMGNT1,,,1.57812809,,
POLR3D,,,1.111534484,,
POLR2C,,,1.491323389,,
POLH,,,2.004544436,,
POLD4,,,1.614374331,,
PNPT1,,,,2.984526336,3.861456462
PNPLA7,,,,,-2.251058742
PNPLA5,,,1.175351068,,
PNPLA3,,,,,-3.840301617
PNP,,,1.914250057,,
PNMA8B,,,1.49364844,,
PML,,1.80977867,,,
PMCH,,,1.140775915,,
PMAIP1,,,,,4.488983105
PLXNA2,,,,,-2.43098521
PLSCR2,,,,4.695664949,6.079182113
PLSCR1,,,,3.395658382,4.258726505
PLS3,,,,,4.617455053
PLS1,,,1.265899264,,-2.106687048
PLPPR2,,,1.107080702,,-2.088948202
PLPBP,,,1.541800885,,
PLOD3,,,1.418043236,,
PLK4,,,1.141512283,,
PLK1,,,,,-2.164217316
PLEKHH1,,,,,2.028946846
PLEKHA8P1,,,1.65173518,,
PLEKHA4,,,,5.659858439,6.239419622
PLEK,,,1.320607251,,
PLCXD2,,,1.308482762,,
PLCB4,,,,5.02908603,7.894256807
PLBD2,,,1.237774293,,
PLBD1,,,1.29950909,,
PLAAT4,,,,,3.607417372
PLAAT3,,,1.109943207,,4.131472542
PLAAT2,,,,,6.054422663
PLA1A,,,,,4.076753956
PKNOX2,,,1.117531788,,
PKIA,,,,,-2.349821749
PKD1L2,,,1.097940508,,
PITPNM3,,,,-2.441698883,
PIP5KL1,,,1.321291169,,
PIMREG,,,1.14498,,
PIK3R3,,,1.424903938,,2.823420195
PIK3C3,,-1.843942443,1.97742547,,
PIK3C2A,,,1.469068803,,
PIH1D2,,,,,2.714925166
PIH1D1,,,1.562328692,,
PIGT,,,1.310965569,,
PIGM,,,,,4.553544139
PIANP,,,2.012026224,,
PI4K2B,,,,,2.002297122
PHKA1,,,,,-2.228589505
PHGDH,,,,,-2.244540512
PHF11,,,,,2.235866702
PHEX,,,1.258286115,,
PHACTR4,,,,,2.02222272
PGPEP1,,,,,-2.011715149
PGLYRP3,,,1.208466695,,
PGBD5,,,,,-2.399419629
PGAP1,,,,3.079725966,2.79556286
PGAM5,,,1.4323566,,
PF4V1,,,1.09501906,,
PEX16,,,1.413488802,,
PER1,,,1.443989914,,
PEMT,,,,,-2.090908044
PELO,,,1.340402049,,
PEDS1,,,1.278450585,,
PEBP1,,,1.158331345,,
PDZRN4,,,1.438217468,,
PDZK1IP1,,,1.253764548,,
PDXDC1,,-2.897919584,,,
PDK4,,,,,-2.366928316
PDGFRL,,,,4.106404032,5.634888339
PDGFRA,,,1.766367547,,
PDE9A,,,2.075250649,,
PDE6D,,,1.662067801,,
PDE4B-AS1,,,,6.587257008,7.335466066
PDE4B,,,,2.141435166,4.903709361
PDE2A,,,1.148751171,,
PDCD1LG2,,,,,2.159011275
PDAP1,,,1.623396558,,
PCSK6,,,,,-3.466198464
PCSK1N,,,1.602043529,,
PCED1B-AS1,,,,,-2.089994607
PCED1A,,,1.484992284,,
PCDHGA12,,,1.856180762,,
PCDHB4,,,1.738764474,,
PCDHB14,,,2.12190044,,
PCDHB1,,,1.105378054,,
PCDHA9,,,1.566239366,,
PCDHA6,,,1.149410926,,
PCDH9,,,,,2.077927523
PCDH1,,,1.435292486,,-3.045948429
PCBP4,,,,-3.18293496,
PCARE,,,,,-4.888237275
PC,,,,,-2.954811735
PAXX,,,1.172986758,,
PAX5,,,,3.467993562,5.836471122
PARP9,0.971403167,2.34950984,,2.713607266,3.685007573
PARP15,,,,2.400936859,3.363580765
PARP14,,2.689508851,,2.915364883,3.581373649
PARP11-AS1,,,,,2.365017738
PARP10,,1.829224207,,,
PAQR5,,,,,-3.03582561
PAQR4,,,,-4.798066654,
PANK1,,,1.675400916,,
PAK2,,,1.548305209,,
PAK1IP1,,,1.119468056,,
PAGR1,,,,,-2.500613706
PADI6,,,1.516758673,,
PACS2,-1.582585897,,,,
PABPN1,,,2.128095254,,
PABIR3,,,,,2.48762753
P3H2,,,,,5.929485513
P2RY6,,,,2.626992819,
OVGP1,,,,-2.286492401,
OTOP1,,,1.118030074,,
OTOF,,,,4.359145326,5.586883983
OTC,,,2.044813044,,
OSR2,,,,5.188367621,6.565921098
OSM,,,,,2.498166918
OSCAR,,,1.909514033,,
OSBP,,,1.358957126,,
OR8U8,,,1.125692116,,
OR7A5,,,1.095283685,,
OR7A17,,,1.594261254,,
OR6C1,,,1.570297092,,
OR6A2,,,1.247313706,,
OR5L1,,,1.200485145,,
OR52K2,,,1.162804461,,
OR52I2,,,1.517407927,,
OR52B6,,,1.142218718,,
OR52B4,,,1.13497082,,
OR52B2,,,1.418186935,,
OR51A7,,,1.59741944,,
OR51A4,,,1.719636965,,
OR4P4,,,1.542695573,,
OR4K2,,,1.140307986,,
OR4K15,,,1.157115281,,
OR4D2,,,1.266320748,,
OR2W1,,,1.411836406,,
OR2T12,,,1.224566154,,
OR2T11,,,1.556405533,,
OR2S2,,,1.126858035,,
OR2D3,,,1.153367036,,
OR1L1,,,1.193813644,,
OR1K1,,,1.384146045,,
OR1D5,,,1.553942934,,
OR12D3,,,1.20495826,,
OR10K2,,,1.599604577,,
OR10A7,,,1.488206687,,
OPTC,,,1.404588523,,
OPRL1,,,,,-2.555546524
OPLAH,,,,,-3.299833312
OPCML,,,1.47539076,,
OLR1,,,1.165506788,,
OLFML3,,,,,2.287976074
OLFML2A,,,1.991335296,,
OFD1,,,1.104448029,,
ODF2L,,,1.102699605,,
ODF2,,,1.167219908,,
OBSCN,,,,,-2.656989275
OBP2A,,,1.486852628,,
OBI1,,,1.225352665,,
OASL,,2.916732074,,5.3621638,7.629658174
OAS3,,3.175544218,,2.954096888,3.525594648
OAS2,,3.580865407,,3.509159777,4.783685157
OAS1,2.309110681,2.327680098,,2.216717455,2.150507039
NXF3,,,,,-2.131319381
NUS1P1,,,,6.798750261,
NUPR1,,,1.125514672,,
NUP62CL,,,1.100385392,,
NUP210L,,,1.379126334,,
NUP210,,,,,-2.168942785
NUDT18,,,1.720411079,,
NUDT16L1,,,,,-2.704193843
NUDCD2,,,1.104116414,,
NUB1,,4.458123748,,,3.035419357
NTM,,,1.230070572,,
NT5DC2,,,,,-2.835869082
NT5C3AP1,,,,3.217212931,6.29600437
NT5C3A,2.031440785,,,4.397701095,5.469384862
NRN1L,,,1.126154432,,
NRIR,,,,3.430358921,6.468597074
NRIP1,,,,,2.992187607
NRGN,,,,,-4.819612758
NRF1,,,1.522274992,,
NPPA,,,1.739956833,,
NPM1P27,,,,,-2.330787461
NPIPA1,,,1.521806283,,
NPC2,,,1.565179302,,
NPAS3,,,1.564615881,,
NOTCH2NLA,,,1.137208384,,
NORAD,,,,9.947374479,
NOD2,,,,,2.287088759
NMI,,,,2.39692261,3.144371049
NME9,,,1.208371249,,
NMBR,,,1.374303434,,
NLRP3,,,1.265578166,,
NLRP12,,,,,-3.565044177
NLRP1,,,1.131489349,,
NKD1,,,,2.505231462,
NIPSNAP3B,,,1.228964696,,
NINL,,,,,-2.007797399
NGRN,,,,-2.075990962,
NGDN,,,1.547455954,,
NFRKB,,,1.206449875,,
NFKBIZ,,,,2.450053152,4.078398855
NFKBIA,,,,,2.201404016
NFKB1,,,,,2.155972928
NFE2L3,,,,,2.379258106
NFATC2,,,,-2.440197177,
NFASC,,,1.145558336,,
NEXN,,,1.33370646,2.764890114,4.214092339
NEUROG3,,,1.26911496,,
NEUROD2,,,1.252164576,,
NEURL4,,,1.47984447,,
NEURL3,,,,3.716256818,4.890162048
NES,,,,,-2.972837691
NEO1,,,1.184115682,,
NEMP1,,,,,2.152090852
NELFCD,,,1.291864746,,
NEDD9,,,1.768335081,,
NEDD1,,,1.152650948,,
NECTIN3,,,,3.285398661,4.438681082
NDUFAF6,,,1.89899542,,
NDEL1,,,1.341732813,,
NDC80,,,,4.236269273,2.721007277
NCS1,,,,,-2.619494791
NCOA1,,,1.350099543,,
NCF1C,,,,2.046302234,3.173937708
NCF1B,,,,2.043358543,3.298083571
NCF1,,,,2.307107124,3.265272995
NCAPH,,,,,-3.437747556
NCAPG2,,,1.68185347,,
NBN,,,,,2.539712266
NBL1,,,1.241344031,,
NBEAL2,-1.278896145,,,,
NAT8,,,1.243954014,4.211057643,5.940362742
NAPSB,,,,,2.49076009
NAPB,,,1.158382537,,
NAP1L1,,,1.969758919,,
NAMPTP1,,,,,3.34214127
NAMPT,,,,,2.356225153
NAGPA,,,1.459834022,,
NAE1,,,1.303119139,,
NACA2,,,1.31107465,,
NAA80,,,1.124970611,,
N4BP2L1,,,,,2.104926843
MYORG,,,1.249071214,,
MYOF,,,1.194524498,,
MYO5A,,,2.055439953,,
MYO1A,,,,2.670743343,5.431294813
MYL9,,,,,-2.516867384
MYL3,,,1.193717302,,
MYH4,,,1.397532399,,
MYH1,,,1.960223472,,
MYDGF,,,1.490198189,,
MYC,,,,,-2.104906602
MXD1,,,,,2.004847473
MX2,3.68336919,5.787620472,,4.086731871,4.760283321
MX1,3.466208244,6.232267805,,4.778496836,6.345792059
MVP,,,1.287956331,,
MVB12B,,,,,2.226161005
MUC4,,,1.778814273,,
MTRF1,,,1.942329276,,
MTND6P5,,,,5.9410883,4.528254095
MTND5P28,,,,3.181829888,2.845457039
MTG1,,,1.284663147,,
MTFMT,,,1.393387586,,
MTDH,,,1.196023018,,
MTCO1P4,,,,,5.417771401
MTCL1,,,,,-2.358092811
MTARC1,,,1.32978723,,
MSX1,,,1.509810129,,
MSN,,,1.314858492,,
MSLN,,,2.923740176,,
MSI2,,,1.17927645,,
MSH5-SAPCD1,,,,-2.17365427,
MSC,,,,,2.456749507
MRPS16,,,1.734502325,,-2.163169579
MRPS14,,0.707201924,,,
MRPL53,,,,,-2.940827305
MRPL39,1.864309705,,,,
MRPL36,,,,,5.03291773
MRPL30,,,1.513154999,,
MRPL21,,,1.652198734,,
MRPL20,,,1.260016287,,
MRPL10,,,2.069399661,,
MROH7,,,,,-2.080070423
MRNIP,,,1.543659061,,
MRM1,,,1.478495569,,
MPZL1,,,1.42260121,,
MPV17L2,,,1.159320033,,
MPLKIP,,,1.160128112,,
MPIG6B,,,1.500486509,,
MPG,,,,,-2.409025459
MOXD1,,,,3.425641012,5.551720643
MOGS,,,1.2219325,,
MOGAT1,,,,,-2.791271812
MOAP1,,,,-3.664711698,
MN1,,,,,2.145446057
MMS22L,,,1.434016746,,
MMP25,,,,,2.264355815
MMP10,,,1.767040066,,
MME,,,,,-2.161562885
MMD,,,1.261774977,,
MMAB,,,1.220840262,,
MLX,,,1.096678544,,
MLEC,,,1.199409864,,
MLANA,,,1.755731711,,
MKI67,,,,,-2.830821843
MIR3945HG,,,,,5.290265316
MIR181A1HG,,,,,2.494251095
MIR155HG,,,,,2.893898621
MGAT1,,,1.589987394,,
MFSD2A,,,1.269977015,,
MEX3D,,,1.221472268,,
MEX3B,,,,-2.724501261,
METTL6,,,1.249897062,,
METTL26,,,1.219684757,,
METTL13,,-0.964496405,,,
MEP1B,,,,,5.260033844
MELTF,,,1.51279375,,
MED6P1,,,,6.554079551,8.533873776
MED14OS,,,,2.606290909,3.68162528
MED13L,,,1.14916179,,
MECP2,,,2.053477693,,
ME3,,,,,-2.862127646
MDP1,,,1.371853885,,
MDK,,,,,2.870519264
MDGA1,,,,,2.466462569
MCTP2,,,1.684948523,,
MCTP1-AS1,,,,,2.278256849
MCPH1,,,2.034247314,,
MCOLN2,,,,2.389169459,4.431718212
MCF2L,,,,,-3.782809087
MCEMP1,,,,-2.399071533,-2.658127386
MCCC1,,,1.153973526,,
MCAM,,,,,-2.571600538
MBNL3,,,1.574113528,,
MBNL1-AS1,,,,,6.463516651
MBLAC2,,,1.484724479,,
MBD5,,,1.379520955,,
MBD3,,,1.19363753,,
MATK,,,,,-2.014698996
MATCAP2,,,,,-2.1803825
MASTL,,,,,2.528208702
MARCO,,,,,-2.394138399
MARCKSL1,,,,4.320569543,
MARCKS,,2.060799559,,,
MAPK9,-0.899060288,,,,
MAPK8IP2,,,2.240140855,,
MAPK14,,,1.154111878,,
MAP7,,,,,-2.104696158
MAP2K3,,,1.241165441,,
MAP2,,,,,3.71506647
MAP1B,,,1.109308507,,
MANEAL,,,,,-2.624958037
MAN1A2,,,2.263966543,,
MAMLD1,,,1.439470058,,
MAK,,,1.425050451,,
MAGED1,,,,,-2.295468373
MAGEC1,,,1.856499476,,
MAGEB4,,,1.582920795,,
MAGEB3,,,1.142649742,,
MAGEA5P,,,1.40734345,,
MAG,,,1.458451508,,
MACROD1,,,1.343368178,,
MAB21L4,,,1.709281164,,
MAB21L2,,,1.391860525,,
LYSMD4,,,1.553333308,,
LYSMD2,,,,3.380155836,4.637059841
LYRM7,,,,,-2.046423085
LYPD4,,,1.462622268,,
LYPD2,,,1.312308267,,
LYAR,1.381904766,,1.400921767,,
LY6E-DT,,,,3.012393905,2.600799572
LY6D,,,1.27954342,,
LUC7L3,,,1.507629247,,
LTA,,,,,5.964985238
LRRN2,,,1.469008194,,
LRRK2-DT,,,,,5.527107898
LRRCC1,,,1.200263767,,
LRRC75A,,,1.534474981,,
LRRC40,,,1.180701969,,
LRRC26,,,1.663547526,,
LRRC15,,,1.446409272,,
LRRC14,,,1.614578785,,
LRP2,,,,,3.629751811
LRP1,,-1.81193024,1.356874655,,-2.292685814
LRIF1,,,1.603528093,,
LPL,,-2.614530164,,,
LMTK3,,,1.411001716,,
LMNB1,,,,,2.493584991
LMF1,,,,,-2.100373808
LIPG,,,1.434602598,,-3.091690717
LINS1,,,1.358405881,,
LINC02908,,,1.454308592,,
LINC02865,,,,4.822171589,4.786824737
LINC02842,,,,4.330464244,7.463384011
LINC02798,,,,3.977720821,3.029034641
LINC02728,,,,,2.767871602
LINC02384,,,,,2.475965777
LINC02100,,,,,2.480689355
LINC02068,,,,2.481207789,3.599596292
LINC02035,,,1.270478205,,
LINC02033,,,,,2.545428248
LINC02006,,,,,3.759360992
LINC01827,,,,,-2.820255123
LINC01800,,,,,-2.015302126
LINC01539,,,,,3.777426866
LINC01506,,,,,2.076905241
LINC01375,,,,,-2.905479066
LINC01358,,,,2.482284548,3.482188737
LINC01181,,,,,3.541978379
LINC00996,,,,3.670692342,6.322130846
LINC00696,,,1.520483913,,
LINC00309,,,,5.940680549,6.839057058
LINC00243,,,,3.17691843,4.941484925
LINC00158,,,,4.570013551,6.927777877
LIMS2,,,1.124968799,,
LIMD2,,,,,-2.557555831
LILRB1,,,,2.06017972,
LILRA5,,,,2.40874989,2.832940244
LIG4,,,1.144738651,,
LIAS,,,1.652011083,,
LHFPL6,,,,,2.114329407
LHFPL3-AS2,,,,3.296992575,5.679574485
LGR4,,,,,-2.165024694
LGMN,,1.031465532,,,2.218071797
LGALS4,,,1.130919931,,
LGALS3BP,,,1.12711566,3.344862262,4.425179154
LGALS17A,,,,4.993028701,6.663015734
LGALS13,,,1.901454065,,
LDLRAD2,,,,,-4.052613916
LDHD,,,,,-2.720815726
LDHAP4,,,,,-2.433431005
LDHAL6A,,,1.207562456,,
LDAF1,,,1.556926925,,
LCP2,,,1.527205025,,
LCE3E,,,1.141795029,,
LCE2C,,,1.208303468,,
LCE2A,,,1.248753678,,
LAT,,,,,-2.294498033
LARGE2,,,1.140006136,,
LAP3,,,,,2.651971435
LAMTOR4,,,1.396367581,,
LAMP3,,,,,2.473417231
LAMC2,,,1.608569248,,
LAMA3,,,,,3.12295851
LALBA,,,1.446145195,,
LAG3,,,,4.579981781,4.574016149
LAD1,,,1.124515504,,
L3MBTL4,,,1.612004388,,
L3MBTL2-AS1,,,,,2.198559758
KRTAP4-4,,,1.158974886,,
KRTAP20-3,,,1.941583142,,
KRTAP20-1,,,1.651248213,,
KRTAP12-2,,,1.10018731,,
KRT81,,,1.199614097,,
KRT79,,,,,-3.322798479
KRT4,,,,-2.439902399,-4.204983783
KRT13,,,1.22466759,,
KMO,,,1.897336758,,
KLRG1,,,1.142761249,,
KLHL35,,,1.134700357,,
KLHL34,,,1.244635672,,
KLHL23,,,1.751874371,,
KLHL12,,,1.188834003,,
KLHDC7A,,,2.238904786,,
KLHDC3,,,1.147460749,,
KLF4,,,,,2.954495444
KLC4,,,2.004909457,,
KIR2DL4,,,,3.399939034,7.763630421
KIF9,,,2.142621006,,
KIF15,,,1.317639806,,
KIAA1671,,,,2.904323409,4.771374368
KIAA1210,,,,,-3.039577247
KIAA0040,,,,2.577510854,
KHNYN,,,1.105736014,,
KDM5B,,,1.828207283,,
KDM4A,,,1.204569874,,
KCTD20,,,1.961009985,,
KCTD15,,,,-2.16789183,-2.906986948
KCTD14,,,,,5.632294012
KCNS3,,,,,3.824476252
KCNRG,,,,,2.309468943
KCNJ2,,,,,2.263385623
KCNJ1,,,,,-2.832227812
KCNH7,,,,,2.301723019
KCNA2,,,,,-3.264392219
KBTBD8,,,1.809727146,,
KBTBD6,,,,3.384030489,
KALRN,,,,2.642057206,
JAZF1,,,,,2.057618117
JAK2,,,,,2.209451182
JADE3,,,,,2.58578016
JADE2,,,,2.17383768,
IWS1,,,1.171534528,,
ITPRIP,,,1.38973523,-2.734868414,
ITM2C,,,1.176812422,,
ITIH4,,,,3.101136315,2.511485837
ITIH3,,,,2.737472078,4.217350912
ITGB8,,,,,3.107680551
ITGB3,,,,,-2.053792304
ITGB1BP1,,,1.144442169,,
ITGAD,,,1.24598054,,
ITGA9,,,,,-2.519280441
ITGA3,,,,,-3.144835644
ITGA2,,,,,2.591184068
ITGA11,,,1.454421338,,
ITCH,,,1.21750675,,
ISYNA1,,,,,-2.992641963
ISG20,,,,4.828142773,4.617202099
ISG15,,5.740499175,,,4.448356151
IRF7,,,,,2.652301412
IRF2BP2,,,1.533311425,,
IRF1-AS1,,,,2.56533929,2.739314508
IRF1,,,,2.64043706,3.372379799
IREB2,,-1.855734379,,,
IRAK2,,,,,2.733591477
IQGAP3,,,,,-3.147165315
IPO11,,,1.768883144,,
IPMK,,,1.161144527,,
INTS13,,,1.436359348,,
INTS10,,,1.614655158,,
ING3,,,1.208184664,,
ING2,,,1.315752642,,
INCENP,,,1.686495674,,
INAFM1,,,1.31072495,,
IMPA2,,,,,-2.026352587
ILDR1,,,1.640044401,,
IL7R,,,,,2.677234398
IL7,,,,2.208163729,2.707972066
IL6,,,,2.513662623,3.52767254
IL4I1,,,1.128365128,,2.146584316
IL31RA,,,,,3.279910214
IL2RA,,,,,3.781462918
IL27,,,,,3.901709568
IL22RA2,,,,,-3.106417537
IL1B,,,,,2.391995445
IL1A,,,,,2.267739595
IL18RAP,,,,2.810192458,5.347965042
IL17RC,,,2.25207113,,
IL17F,,,1.623131268,,
IL17B,,,1.835572708,,
IL16,,,1.260694102,,
IL15RA,,,,4.22861413,4.973680342
IL15,,,,2.460964299,3.981251078
IL12RB1,,,,,2.053759187
IL12B,,,,,2.487604783
IL12A,,,,5.974433406,8.678697069
IL11,,,2.344497672,,
IGSF3,,,1.673340845,,
IGSF22,,,1.40133152,,
IGFBP7,,,1.731493405,,
IGFBP4,,,,,3.053413674
IGF2BP3,,,,2.992631445,3.258229165
IFTAP,,,1.727734581,,
IFT70B,,,1.552643046,,
IFT70A,,,1.587456685,,
IFT56,,,,,3.301610391
IFNW1,,,,,7.068126321
IFNL3,,,,,7.010407868
IFNL2,,,,,6.433659154
IFNL1,,,,7.305892326,9.670034845
IFNA14,,,1.768734041,,
IFITM3,,,,2.710363106,5.65329098
IFITM1,,,,5.793175389,9.348815053
IFIT5,,1.116969129,,3.030091566,6.271589936
IFIT3,3.494644087,5.69825699,,8.197744299,8.15284245
IFIT2,3.884688719,6.643829723,,4.824259361,5.362946175
IFIT1,3.970117068,6.283329563,,8.548467957,10.7981352
IFIH1,2.003777245,4.555946029,,3.433378392,4.790778075
IFI6,,,,3.89454673,3.108238805
IFI44L,,2.64704648,1.54023955,6.093850191,9.038601577
IFI44,,3.468329055,,4.031842484,4.922575112
IFI35,,,,2.413008255,2.527308768
IFI27,,,1.310115695,3.824845608,5.682027064
IFI16,,,,,2.525168757
IDO2,,,,,4.175579456
IDO1,,,,,5.682855091
ICAM5,,,,,-2.642984402
ICAM4,,,1.203952756,,
IAH1,,,1.283270991,,
HYDIN2,,,,,3.141619604
HYCC2,,,1.588422356,,
HTR7,,,1.189924229,,
HSPH1,,,1.605803451,,
HSPG2,,,,,-4.226721423
HSPB6,,,1.104108669,,
HSPA1B,,,,,3.437332551
HSP90AB3P,,,,-3.051540073,
HSP90AA1,,,1.447481519,,
HSH2D,,,,3.083146996,4.223756319
HSF5,,,,2.620581376,
HSF2,,,1.398718223,,
HSF1,,,1.13457406,,
HSDL2,,,1.153047425,,
HSD11B1-AS1,,,,,2.613758418
HS3ST3B1,,,,,4.103018801
HS3ST2,,,,2.299717859,
HRG,,,1.303994422,,
HRAS,,,,,-2.362354538
HPSE,,,,3.312685786,4.368560427
HPS6,,,,,-6.561170744
HPGDS,,,,,-2.754756666
HPGD,,,,,-2.609936157
HPCA,,,1.364268361,,
HP,,,1.474945274,,
HOXD13,,,1.24645972,,
HOPX,,,,,-2.095502949
HOATZ,,,1.507903101,,
HNRNPR,,,1.388576067,,
HNRNPH1,,,1.536705998,,
HNRNPA1P10,,,,-2.307563953,
HMCN1,,,1.363137959,,-2.954851487
HLA-DRB3,,1.243831368,,,
HLA-DRB1,,0.960305283,1.250304596,,
HLA-DOB,,,,,3.65889624
HLA-DOA,,,1.109846884,,
HLA-B,,2.02347863,,,
HLA-B,,1.008569822,,,
HIVEP2,,,,,3.73300997
HIP1R,,,,,2.197179228
HILPDA,,,,,-2.491524285
HIC2,,,1.938521588,,
HIC1,,,,,-2.555213323
HHEX,,,,,-2.218402917
HGH1,,,,,-2.361624447
HEXA-AS1,,,,,-5.580698
HESX1,,,,5.871560243,6.516752245
HES3,,,1.211637097,,
HES2,,,1.215937145,,
HERC6,,,,2.99892681,3.738752431
HERC5,,,1.212637102,6.083065282,7.300224041
HELZ2,,,,3.018836916,3.122730528
HELB,,,,,2.415118029
HECTD2,,,1.147668779,,
HEATR9,,,,3.870094995,5.997199455
HEATR5B,,,1.758651711,,
HEATR4,,,1.145277162,,
HDX,,,,2.516995683,2.877979634
HDAC11,,,1.497627709,,
HCAR2,,,,,3.368099856
HBEGF,,,,,2.476480097
HAUS1,,,2.024863026,,
HARS2,,1.502810985,,,
HARBI1,,,1.207219395,,
HAPLN3,,,,3.972207023,5.475283122
HAND1,,,1.311004824,,
H4C5,,,,-6.681921538,
H4C14,,,,,2.993857173
H3P47,,,,-2.38801147,
H3C3,,,1.8256844,,
H3-3B,,,,2.290202972,
H2BP2,,,,,2.147844069
H2BC3,,,1.566457381,,
H2BC1,,,1.134092407,,
GZMK,,,1.518011272,,
GYPC,,,,,-2.012235757
GXYLT2,,,,3.257650769,4.015418635
GXYLT1P4,,,,,-2.439313839
GUCY2EP,,,1.958102691,,
GUCY1B1,,,,,3.73052574
GUCY1A1,,,,3.199462853,6.530237331
GUCA1A,,,,,-2.626672001
GTSF1L,,,1.118975789,,
GTF2A2,,,1.618543671,,
GSTZ1,,,1.20160234,,
GSDMA,,,1.114516451,,
GRM7,,,,-2.154905548,-3.00634573
GRK6,,,,,-2.22321404
GRIP1,,,,,2.081035847
GRIN3A,,,,,2.512043967
GRHL2,,,1.252713046,,
GRASLND,,,,5.411242009,5.152594248
GRAMD4,,,,,-2.078936518
GRAMD1B,,,,2.333801749,2.424617053
GPRASP1,,,,-2.175408719,
GPR68,,,,2.219377227,
GPR39,,,1.396457906,,
GPR18,,,1.200119598,,
GPR158,,,1.380822805,,
GPNMB,,,1.483981324,,
GPD1,,,,,-2.76050459
GPATCH2,,,2.371467629,,
GPAT2P1,,,,,-3.60939902
GPAT2,,,,,-3.494493655
GOT1,,,1.380232662,,
GON7,,,,,-2.42218489
GOLM2,,,1.588660664,,
GOLGA7B,,,,,-4.336760736
GNL3,,,1.3027982,,
GNG7,,,,,-2.348985024
GNG4,,,2.742938881,,
GNB2,,,1.463199062,,
GNAI2,,,1.725212247,,
GMPR,,1.612729285,,3.934501909,3.989128731
GMPPB,,,,,-2.428220558
GMEB2,,,1.167163693,,
GMCL1,,,1.250828626,,
GLYATL1P1,,,,,-2.029397989
GLT1D1,,,,2.445799522,
GLRA1,,,1.211099191,,
GLI1,,,1.490515577,,
GJB3,,,1.250577799,,
GJA9,,,1.203758811,,
GJA4,,,1.141319397,,
GIMAP2,,,,,2.202432676
GGT1,,,1.141783153,,
GGACT,,,1.588549287,,
GEMIN7,,,1.422842363,,
GCSAM,,,,,2.147465428
GCKR,,,1.851198737,,
GCH1,,,,3.719892006,4.700219096
GBP5,,3.175454832,,4.997802454,5.952728832
GBP4,,,1.335124347,6.086862789,7.787938406
GBP3,,,,,2.975439823
GBP2,,1.111666448,,,2.094330395
GBP1P1,,,,5.335365909,6.881713374
GBP1,,2.687539728,,3.268561294,4.854079951
GATD3,,,1.160719329,,
GAS6-DT,,,,,2.295155591
GARIN2,,,1.907693942,,
GAREM1,,,,2.787735755,3.434011299
GANC,,,1.097357019,,
GALNT14,,,1.30871157,,
GALK1,,,,,-2.352828874
GAGE8,,,1.285125605,,
GADD45GIP1,,,1.878432521,,
GADD45B,,,,2.021839532,
GABRA4,,,2.353297287,,
GABPB1-AS1,,,,,3.805415409
GABPB1,,,1.164917019,,
G0S2,,,,,2.556034985
FZD7,,,,-2.160267472,
FXYD6,,,,,3.010157683
FXYD4,,,1.354227678,,
FUT3,,,1.193864807,,
FTLP3,,,,,-6.095220119
FSTL1,,,,,2.420860404
FRMD8,,,1.181351456,,
FRMD7,,,,,4.004261587
FPR3,,,,,3.095694688
FPR2,,,,2.056032016,3.549878774
FOXN3,,,1.358535706,,
FOXK1,,,1.920234546,,
FOXD4L1,,,1.695590826,,
FOXD3,,,1.508164396,,
FOLR1,,,,,-3.498985579
FNDC5,,,1.139136768,,
FMR1,,,1.188260834,,
FMN2,,,1.243541629,,
FLYWCH2,,,,,-2.635267735
FLNA,,,,,-2.588512849
FLG,,,1.495317961,,
FKBP14,,,1.534203841,,
FIRRE,,,,,2.258006153
FILIP1L,,,,,2.488570889
FHL1,,,,,-2.888511319
FGL1,,,1.574058656,,
FGFR1,,,,,-2.209799413
FGFBP1,,,1.916906421,,
FGF2,,,,,2.985674961
FER1L6,,,,3.081181908,2.859967695
FDPSP3,,,,6.439771969,6.536289166
FCGR1CP,,,,,2.158961378
FCGR1BP,,,,,2.021781891
FCF1,,,1.486453838,,
FBXO5,,,,,2.014814924
FBXO39,,,,,6.770261229
FBXO3,,,1.199066327,,
FBP1,,,,,-2.796405591
FBLN5,,,1.305812036,,
FAT1,,,1.140126033,,
FASTKD1,,,1.480938282,,
FASN,,,,,-2.133042223
FAS,,,,,2.364194725
FAP,,,,4.024459637,8.539887815
FANCI,,,1.402323927,,
FANCE,,,,,-2.080257566
FAM95B1,,,,,-3.285735115
FAM90A1,,,1.134082831,,
FAM8A1,,,,,3.164884504
FAM83E,,,1.326873792,,
FAM81A,,,,,-2.118264565
FAM72D,,,,,2.006720704
FAM72C,,,,,2.186324543
FAM72B,,,,,2.181183066
FAM72A,,,,,2.235523648
FAM3C,,,1.143878675,,
FAM241A,,,,,3.197687886
FAM234A,,,1.196949685,,
FAM177B,,,1.502112755,,
FAM131B,,,,-2.200291298,
FAM124A,,,,,2.61769005
FABP6,,,1.603311367,,
FABP4,,,,,-2.584748542
FA2H,,,,,-2.303185065
F13A1,,,,,-3.486368073
EXT1,,,,,3.361892552
EXPH5,,,1.593275432,,
EXOSC6,,,,5.14421105,
EXOSC5,,,,,-2.212539315
EXOC8,,,,4.098158984,
EXD3,,,,,-2.158610008
EVI5L,,,,,-2.288515124
ETV7,,,,3.59222514,4.057586457
ETNK2,,,,,-2.228390464
ESPNL,,,,-2.46610508,
ERN2,,,2.482426196,,
ERLEC1,,,1.407314314,,
EREG,,,,,3.81869063
ERCC1,,,1.535868005,,-2.245204961
ERC1,,-1.952667675,1.476430313,,
EPSTI1,,,,3.44910506,5.046409577
EPS8,,,1.289967899,,
EPHB6,,,,,-2.798011871
EPHB2,,,,2.173786132,
EPHA6,,,1.446887044,,
EPCAM,,,1.314923741,,
EPC2,,,1.391519371,,
EPC1,,,1.534361959,,
EPB41L5,,,,2.305512395,2.261156885
EOMES,,,1.258670289,,
ENTREP1,,,,,-2.37224387
ENDOG,,,1.454057554,,
ENDOD1,,,,3.00375437,-4.427981477
ENC1,,,,,-2.309747804
EMP2,,,1.429970856,,
EME2,,,,-2.126233799,
EMC6,,,1.664539541,,
EMC10,,,,,-2.510526363
ELOVL7,,,,,2.770514685
ELOVL6,,,1.696451958,,
ELOVL3,,,,6.586984817,3.738171491
ELOVL1,,,1.298764557,,
ELOB,,,,,-2.302280928
ELL2,,,1.230996812,,
ELF1,,,1.577190534,,
ELAVL2,,,1.103784855,,
ELAPOR2,,,1.211236045,,
ELAPOR1,,,1.125737185,,
EIF4G3,,-1.897606054,,,
EIF4EBP3,,,1.814252521,,
EIF4EBP1,,,,,-2.017713701
EIF4BP7,,,,,-2.719231552
EIF4BP6,,,,,-3.078748595
EIF2AK2,,2.400045992,,2.516944892,3.063601344
EID3,,,1.278661385,,
EGR1,,,,-2.439044911,
EGFEM1P,,,,,-2.041732917
EGF,,,,4.107830196,4.266316992
EFS,,,1.340508338,,
EFL1,,2.687528925,,,
EFHD2,,,1.67421542,,
EEPD1,,,,,-2.613327075
EEIG2,,,1.60356225,,
EEF1A1P5,,,,,-3.408600995
EDN1,,,,,4.727145844
ECPAS,,,1.395720987,,
ECHDC3,-0.626369403,,,,
ECHDC1,,,1.111593792,,
ECH1,,,1.159291284,,
ECEL1,,,1.143940266,,
EBI3,,,,,6.133952669
EBF2,,,1.137177996,,
E2F7,,,,,4.345872658
E2F1,,,,,-3.501161018
DYSF,,,1.239753456,,
DYRK1A,,,1.966178975,,
DYNLT4,,,1.406033374,,
DYNLT2B,,,,,-2.384672667
DYNLT1,,,,,2.039392694
DUSP8,,,,,2.786763421
DUSP28,,,1.774194102,,
DUSP1,,,1.475181436,,
DUS2,,,1.755168564,,
DTX4,,,,,-2.397025795
DTX3L,,1.601030028,,2.674195645,3.551022381
DSPP,,,1.298716474,,-4.365594255
DSCR4,,,1.425007709,,
DSCR10,,,1.136871814,,
DSC3,,,1.141710429,,
DRC7,,,1.280626066,,
DRC1,,,1.349718331,,
DPYS,,,,,4.375739522
DOP1B,,,1.50835649,,
DOP1A,,,1.644566803,,
DOLK,,,1.485104283,,
DOK7,,,1.35670828,,
DOCK4,,,2.488037943,,
DNASE2B,,,,,-3.547373587
DNASE1L3,,,,,-2.981673458
DNALI1,,,1.17166947,,
DNAL1,,,1.391102531,,
DNAJC5,,,,,-2.563848287
DNAJC28,,,,,2.247196417
DNAJB4,,,,,2.069957756
DNAJB11,,,1.427080807,,
DNAI7,,,2.185452115,,
DNAAF1,,,,4.227123868,4.52510997
DMWD,,,1.391118486,,
DMRT2,,,1.232084779,,
DMP1,,,,,-2.167238279
DMD,,,,,2.225711909
DIP2B,,1.548780939,,,
DHX58,,,,2.282984713,2.884130644
DGLUCY,-1.227909786,,,,
DGKZ,,-4.419137156,,,
DGCR6L,,,,,-2.553645906
DGAT1,,,1.373434012,,
DEUP1,,,1.606979401,,
DES,,,1.139367075,,
DEPTOR,,,,,-2.839514675
DEPDC7,,,,,2.42042851
DEPDC5,,,1.174139665,,
DENND1B,,,1.447722832,,
DEGS2,,,,,-2.261250933
DEFB128,,,2.267335704,,
DEFB113,,,1.886449557,,
DEFB105A,,,1.216672836,,
DEFB1,,,,4.107167339,6.970638779
DEFA5,,,1.227437867,,
DEDD2,,,1.140431322,,
DDX60,,,,3.174589929,3.775247168
DDX52,,,1.783766704,,
DDR1,,,1.587472034,,
DDAH1,,,,,2.243123558
DCP1A,,0.762547239,,,
DCHS1,,,,,-3.35791335
DCDC2,,,,,-2.839878454
DCC,,,1.114698629,,
DCBLD2,,,1.326994668,,
DCANP1,,,,,-5.565028965
DCAF6,,,1.503150647,,
DBP,,,,,-2.09609429
DBNL,,,1.47645864,,
DBN1,,,,,-3.080802777
DAPP1,,,,,2.15983103
CYTL1,,,1.241678349,,-3.064703449
CYTH4,,-1.906844278,,,
CYSLTR1,,,,,2.226644069
CYP7B1,,,1.516345822,,4.47444832
CYP4V2,,,1.480131193,,
CYP39A1,,,1.619486364,,
CYP2U1,,,,,2.342432723
CYP2J2,,,,3.900342753,5.108593442
CYP2E1,,,1.170447129,,
CYP2A6,,,1.115893147,,
CYP27A1,,,,,-2.695648149
CYP19A1,,,1.246888312,,2.773197073
CYFIP2,,,1.123172302,,
CYB5D2,,,1.236870893,,
CXorf65,,,1.599472227,,
CXCR4,,,,-2.486688968,
CXCL3,,,,,2.467332611
CXCL11,,,,7.872891809,11.94954665
CXCL10,,,,11.5141626,12.622518
CXCL1,,,,4.892912779,2.575520553
CX3CR1,,,1.886168855,,
CWC27,,,1.148642202,,
CUL3,,,2.008145591,,
CUEDC1,,,1.132934623,,
CTSL,,,1.335336416,,
CTSH,,,1.569428916,,
CTNNA1,,-0.997015091,,,
CTLA4,,,,,2.24141435
CTIF,,,1.848306635,,
CTAGE4,,,2.257768841,,
CSTF2T,,,1.840438773,,
CSPG4,,,,,-2.07757809
CSNK1A1,,,1.281350388,,
CSGALNACT1,,,,,-2.595874857
CSDC2,,,1.172407878,,
CSAG3,,,,4.445062748,7.610430744
CSAG2,,,,4.776230161,7.48228482
CS,,,1.636958874,,
CRTC3,,,1.827056632,,
CRTAC1,,,1.290470243,,
CRLS1,,,1.606030506,,
CRABP2,,,,,-2.535844259
CR2,,,,,-2.494060888
CR1L,,,,,2.109115369
CR1,,,,,-2.401428976
CPSF1,,,1.638123402,,-2.050385506
CPNE2,1.548069833,,,,
CPEB2,,,1.120066871,,
CP,,,1.189553509,,
COX8C,,,1.385177644,,
COX6B2,,,1.752218401,,
CORO1A,,,1.238583266,,
COPS2,1.146746077,,,,
COLEC11,,,1.233378179,,
COL6A5,,,1.290056776,,
COL6A2,,,,,-2.498572032
COL28A1,,,1.190984683,,
COL15A1,,,2.080114425,,
COG8,,,1.135125604,,
COG2,,,1.424323573,,
COCH,,,1.571071245,,
COBL,,,,,2.776970516
COA3,,,,,2.491948788
CNPY2,,,1.164543969,,
CNOT7,,,1.66276163,,
CNOT6,,,1.222942828,,
CNMD,,,1.822110102,,
CNKSR3,,,1.836307679,,
CNIH3-AS2,,,,,-2.530825855
CMYA5,,,2.139870403,,
CMTR1,,,1.113431476,,2.135127856
CMTM5,,,1.469534038,,
CMTM4,,,,-3.005429954,
CMTM2,,,1.210443874,,
CMPK2,2.040383286,5.130396927,,5.051996257,8.334799005
CMPK1,,,1.335682259,,
CMKLR1,,,,,2.353104574
CMC2,,,1.247475446,,
CLUHP3,,,,,2.501572188
CLTRN,,,1.669179727,,
CLPTM1L,,,2.187994719,,
CLPP,,0.902006536,,,
CLEC6A,,,,,2.58571632
CLEC4E,,,,2.004703488,3.710958778
CLEC4D,,,,,2.905216662
CLEC3A,,,1.247015116,,
CLEC17A,,,1.257100673,,
CLEC12B,,,1.591489842,,
CLEC11A,,,,,-2.230842311
CLDND1,,,1.309897135,,
CLDN5,,,1.431670055,,
CLDN17,,,1.207147338,,
CIMIP4,,,1.191308933,,
CIDEB,,,1.281913427,,-2.613574332
CIB4,,,1.329432256,,
CHTF8,,,1.32198777,,
CHROMR,,,,,2.112465624
CHRNB2,,,1.39293185,,
CHRM1,,,1.18440453,,
CHMP5,,,1.442567946,,
CHMP1B,,,,,5.778031353
CHKA,,,1.418423544,,
CHIT1,,-0.890968127,,,-2.73773005
CHCHD7,,,1.242615052,,
CHAF1A,,,1.585654766,,
CGNL1,,,,,4.0765783
CGAS,,,,,2.516292195
CFH,,,1.323359744,,3.996317494
CFB,,,,3.155602643,6.251795966
CFAP96,,,1.679279103,,
CFAP58-DT,,,,,2.961350215
CFAP54,,,,2.76040107,4.665772602
CFAP45,,,1.117573646,,
CFAP43,,,,,4.354962578
CFAP418,,,1.507017324,,
CFAP410,,,1.472895081,,
CFAP36,,,1.096212317,,
CETN2,,,1.145715287,,
CERS6,,,1.434401998,,
CERS5,,,1.271357952,,
CEP68,,,1.158518427,,
CEP135,,,1.487509476,,
CEP126,,,1.333853374,,
CEP120,,,1.128412486,,
CEP112,,,1.333378382,,
CENPQ,,,1.223845718,,
CENPL,,,1.722987303,,
CENPF,,,1.216794528,,
CENPB,,,2.846879685,,
CEND1,,,1.183848406,,
CEMIP,,,1.280053242,,
CEACAM1,,,,,2.517761347
CDR2L,,,1.262947519,,
CDKL1,,,,,2.608121555
CDHR4,,,1.978961555,,
CDHR2,,,1.309622497,,
CDH24,,,1.15321749,,
CDH23,,,,,-3.250712492
CDH13,,,1.174017981,,
CDCA7,,,1.465682584,,
CDC37,,,1.143622871,,
CDC20B,,,1.332446611,,
CD81,,,1.288314517,,
CD80,,,,2.95983032,4.846014055
CD69,,,,4.377155508,4.314133962
CD40,,,,,2.489837026
CD3G,,,1.532646396,,
CD38,,,,3.264786894,6.278654858
CD36,,-1.209982964,,,
CD302,,,,,-2.320837215
CD2AP,,,1.160544821,,
CD274,,,1.242951947,2.210636853,3.976167305
CD200R1,,,1.12136835,,
CD200,,,,,2.539638845
CD1A,,,1.230682849,,
CD180,,,1.429259421,,
CD101,,,,,-2.417773164
CCZ1,,,1.467479882,,
CCSER1,,,2.159274771,,
CCR7,,,,,3.144420168
CCR4,,,,,3.575848333
CCR2,,,,,2.618963099
CCR1,,,,,4.342913521
CCNA1,,,,2.236580282,2.977491484
CCL8,,,,9.317998522,11.84429203
CCL7,,,,2.329612317,5.466117711
CCL5,,,,,4.40415083
CCL4L2,,,,,2.454512416
CCL4,,,,,4.052485826
CCL3L3,,,,3.359723547,4.862592577
CCL3,,,,,3.727838289
CCL23,,,,,2.078676643
CCL20,,,,4.657882525,6.070524873
CCL2,,,,3.258032279,6.402387058
CCL16,,,1.253931904,,
CCL13,,,,,2.466677635
CCDC9B,,,,,-2.352068366
CCDC83,,,1.95191548,,
CCDC65,,,1.401604007,,
CCDC34,,,,,-2.491056918
CCDC25,,,1.261254934,,
CCDC142,,,1.407009764,,
CCDC113,,,1.2821376,,
CCDC102A,,,1.130759392,,
CAVIN4,,,,2.644085509,
CAVIN2,,,1.216477047,,
CAV1,,,,,2.864421793
CATSPER1,,,,,-2.134241787
CASP7,,,,,2.068561318
CASP1,,,,2.006829679,3.320143245
CARM1,,,1.529052305,,
CARD8-AS1,,,,2.440001353,
CARD16,,,,,3.350519673
CARD14,,,1.629452921,,
CAPN2,,,1.143643433,,
CAPN11,,,,,-2.709614451
CAMKMT,,,1.433564668,,
CAMK4,,,1.481329315,,
CAMK1G,,,,,3.046001645
CALN1,,,1.57100772,,
CALHM6,,,,2.992169771,3.42917475
CALHM4,,,1.708101066,,
CALCOCO2,,,1.659675826,,
CALCOCO1,-4.320640808,,,,
CACNG2,,,1.301621078,,
CACNB1,,,,-2.40549154,
CACNA1S,,,1.261835173,,
CACNA1G,,,,,-2.080994729
CACNA1A,,,,2.283277106,2.617682286
CABYR,,,1.176543541,,
CABLES1,,,2.730455862,,
C9orf78,,,1.385285803,,
C9orf152,,,,,4.699652642
C7orf57,,,,,-2.231609473
C7orf50,,,1.445131781,,
C6orf58,,,1.468437246,,
C6orf141,,,,6.609377237,9.294847264
C5AR1,,,,,-2.36555745
C5,,,,,2.846838813
C4orf33,,,1.34663602,,
C4orf3,,,,,3.002039033
C3orf52,,,,2.432385913,3.747320726
C3orf38,,,,,2.235415446
C2orf78,,,1.238836529,,
C2CD5,,,1.164242906,,
C2CD2L,,,1.481831748,,
C21orf91,,,,2.750916765,3.100855359
C21orf58,,,1.211570909,,
C1S,,,,,4.548051244
C1R,,,,3.933583208,4.384578204
C1QTNF12,,,1.782578385,,
C1QL3,,,1.291438694,,
C1orf74,,,,3.048120377,
C1orf216,,,,,3.201422912
C1orf174,,,1.259581879,,
C1orf115,,,1.208436458,,-2.440088272
C18orf21,,,1.155826221,,
C17orf67,,,,,2.285171796
C16orf82,,,1.953650659,,
C16orf74,,,1.745473653,,
C16orf54,,,,,-2.702161874
C15orf48,,,,,2.747030534
C14orf119,,,1.583401555,,
C12orf57,,,1.212477691,,
C11orf68,,,1.156746549,,
C11orf52,,,1.419339392,,
BUB1B,,,1.332306509,,
BTG1,,,,,3.259494373
BRIP1,,,,4.015143988,4.596687723
BRDT,,,2.324418334,,
BRCA2,,,,,2.817446578
BRAP,0.950359927,,2.132240838,,
BPIFA3,,,1.182223851,,
BORCS7,,,1.38229702,,
BORCS6,-1.140864972,,,,
BORA,,,1.713066847,,
BOP1,,,,,-2.484914844
BOD1L1,,-1.871358958,,,
BNIP2,,,1.706282667,,
BMP2,,,,,3.92475098
BMP10,,,1.268597861,,
BMAL2-AS1,,,,,2.527310067
BLZF1,,,,,2.48161567
BLVRB,1.492405884,,,,
BLCAP,,,,,2.014974692
BIRC3,,,,,2.775298077
BCL7B,,,1.297503381,,
BCL2L14,,,,,5.769212363
BCL2L11,,,,,2.219845553
BBS9,,,1.411459413,,
BBS12,,,1.419450801,,
BAZ2A,,,1.215689884,,
BATF3,,,,,2.174180071
BANK1,,,,,2.047342758
BANF1,,,1.989744015,,
BAMBI,,,,2.401914434,
BAIAP2-DT,,,,,-3.439477616
BAD,,,1.627064373,,
BACE1,,,1.676108684,,
BABAM2,,,1.28188342,,
BAALC-AS2,,,,,2.6966314
BAALC-AS1,,,,,3.719516574
BAALC,,,,,2.890563291
B4GALT2,,,,,-2.781025028
AZIN2,,,,2.1047271,2.53622716
AZGP1,,,1.170849738,,
AXL,,,,2.595528776,3.105497759
AVPI1,,,1.659858407,,
AUTS2,,,1.313546644,,
AURKAIP1,,,,,-2.282828926
ATRX,,,1.280628723,,
ATRNL1,,,1.537668835,,
ATP9A,,,,,-3.373656069
ATP6V1D,,,1.223337992,,
ATP6V0E2,,,,,-2.300612276
ATP6V0D2,,,,,-2.185036588
ATP2C1,,,1.648952017,,
ATP10A,,,,2.00332427,2.050217097
ATOX1,,,1.455336978,,
ATOH1,,,1.113533245,,
ATG7,,-1.628836661,,,
ATG16L2,,,1.199484017,,
ATF6,,,1.403598264,,
ASTN2,,,,,-2.022123159
ASTN1,,,2.065575242,,
ASTL,,,1.623197529,,
ASS1,,,1.650535295,,
ASH1L-AS1,,,,,2.928687025
ASB6,,,1.34706529,,
ASB16,,,2.368093529,,
ASAH2B,,,,3.435661913,4.841829419
ASAH2,,,,3.6152262,2.41919267
ARPC4,,,1.251956847,,
ARMCX1,,,1.391336473,,
ARL6IP4,,,1.47408154,,
ARL4D,,,1.171410588,,
ARL4C,,,2.106404899,3.734929534,
ARL16,,,1.703320572,,
ARL13A,,,1.261600402,,
ARIH2,,,1.530659792,,
ARHGEF38,,,,,2.576734595
ARHGEF17,,,,,-2.068308299
ARHGEF11,,,1.773207142,,
ARHGEF1,,,1.446617101,,
ARHGDIB,,,,,-2.099431708
ARHGAP44,,,1.34449421,,
ARHGAP35,,,1.147381372,,
ARHGAP26,,,1.203776159,,
ARFGEF3,,,,,-2.696687869
AREL1,,,1.129472356,,
ARC,,,2.052433823,,
APOL6,,,,,3.236277341
APOL4,,,,2.001256032,
APOL3,,,,2.446070745,4.06881399
APOL1,,,1.354420956,2.392470099,3.729262931
APOE,,,,,-2.567069606
APOC2,,,1.245704849,,-2.559420154
APOC1,,,,,-2.222580806
APOBEC3H,,,,2.3947173,3.243053936
APOBEC3G,,,,2.811164471,2.923848397
APOBEC3F,,,,2.370987214,2.227193397
APOBEC3D,,,,,2.664317872
APOBEC3B,,,,5.127093366,6.635819654
APOBEC3A,,,,6.532211087,9.230324715
APMAP,,,1.250037329,,
API5P1,,,,,2.709238975
APBA1,,,,,-2.157627289
AP5Z1,,,1.735427086,,
AP5S1,,,,2.425584752,
AP3D1,,,1.249460613,,
AP1M1,,,1.255055788,,
ANXA3,,,1.313024009,,
ANXA11,,,1.727706644,,
ANXA10,,,,3.002211733,2.981065246
ANXA1,,,1.782002792,,
ANKRD50,,,1.805581526,,
ANKRD37,,,1.248258833,,
ANKRD33B,,,,,2.534580849
ANKRD27,,,1.738449439,,
ANKRD22,,,,3.231074516,5.722128875
ANKRD20A2P,,,1.097282449,,
ANKRD1,,,,,4.011624881
ANGPT4,,,,,-3.787907556
ANGEL2,,,1.282725168,,
ANAPC15,,,1.635136842,,
ANAPC13,,,1.096644882,,
AMPH,,,1.169981659,,
AMOTL2,,,,4.948503833,5.297037431
AMOT,,,,,2.857708838
AMIGO2,,,1.912897024,,
AMIGO1,,,,,-2.169418483
AMER3,,,1.136601483,,
AMER1,,,,2.918630518,
AMDHD2,,,1.098825265,,-2.126803403
ALPK2,,,,,4.495268867
ALOX12,,,1.599616596,,
ALMS1P1,,,,3.592953062,5.239902892
ALKBH5,,,1.626623794,,
ALKBH1,,,1.492033525,,
ALDOA,,,1.430417697,,
ALDH3A1,,,1.244342609,,
AKT1S1,,,1.219485106,,
AKR7A2,,,,,-2.206728235
AKAP7,,,,,2.240255264
AKAP5,,,,-5.701438206,
AKAP14,,,1.241811652,,
AK1,,,,,-2.269515137
AIRE,,,1.132241505,,
AIM2,,,,5.117270866,6.763267703
AHNAK2,,,,,-2.0949593
AHNAK,,,,,-2.240781324
AGTR1,,,1.099961615,,
AGPAT5,,,1.190737289,,
AGO1,,,,,-2.114362548
AGL,-1.062767157,,1.172582213,,
AGGF1,,,1.618565095,,
AGAP7P,,,1.26038544,,
AFMID,,,1.101696798,,
AFF3,,,,,-2.713919593
AFAP1L1,,,,,-3.117415357
AFAP1-AS1,,,,,3.158601833
AFAP1,,,,,3.128913455
ADRB2,,,1.502924819,,
ADRA2B,,,,,-2.971230139
ADNP2,,,1.276512822,,
ADGRG6,,,,,-2.399402395
ADGRE1,,,,2.000805687,2.315003118
ADCY2,,,1.142708628,,
ADCY1,,,,,-2.173661195
ADAMTSL4-AS1,,,,,2.416073423
ADAMTSL3,,,2.14426412,,
ADAMTS5,,,,,6.062355889
ADAMTS2,,,1.299252448,,
ADAMDEC1,,,,,3.003627516
ADAM7,,,1.403640738,,
ADAM32,,,1.171694949,,
ADAM19,,,1.189382527,,2.403777693
ADAM11,,,1.318672532,,
ACY1,,,1.151887707,,-2.26738547
ACVR1C,,,1.147721916,,
ACTR5,,,1.639720896,,
ACSS1,,,1.994937339,,
ACOX2,,,,,-2.123477541
ACOT1,1.608293391,,,,
ACOD1,,,,5.287531439,6.432191793
ACLY,,,1.139619113,,
ACACB,,,1.126953641,,
ABTB2,,,,,2.789290698
ABT1,,,,2.012044734,
ABLIM3,,,,,-4.255645793
ABHD16A,,,1.770358953,,
ABHD12,,,1.264630864,,
ABCG2,,,1.293657237,,
ABCD3,,0.994369676,,,
ABCC2,,,1.209934253,,
ABCB9,,,,,-2.021557622
ABCA2,,,,,-2.435632949
AAR2,,,1.493487854,,
AAGAB,,,1.644902939,,
A2M,,-2.371771761,,,
,,,1.495977128,,
,,,1.179855868,,
,,,1.669792259,,
,,,1.379272465,,
,,,1.813244398,,
,,,1.129611365,,
,,,1.722569978,,
,,,1.342250663,,
,,,1.684708216,,
,,,,-5.887024392,5.202878223
,,,,-5.887024392,5.169160173
,,,,-5.887024392,3.07455597
,,,,-5.887024392,2.817277145
,,,,-5.887024392,2.188067157
,,,,-2.73425636,5.202878223
,,,,-2.73425636,5.169160173
,,,,-2.73425636,3.07455597
,,,,-2.73425636,2.817277145
,,,,-2.73425636,2.188067157
,,,,4.086980456,5.202878223
,,,,4.086980456,5.169160173
,,,,4.086980456,3.07455597
,,,,4.086980456,2.817277145
,,,,4.086980456,2.188067157
,,,,2.314897782,5.202878223
,,,,2.314897782,5.169160173
,,,,2.314897782,3.07455597
,,,,2.314897782,2.817277145
,,,,2.314897782,2.188067157