HGNC Symbol,GeneID,siRNA_Average_Zscore,protein_abundance_log2FC_24h,protein_abundance_log2FC_48h
441956,441956,1.7225699783179362,,
A2M,2,,,-2.371771761
AAGAB,79719,1.6449029387990537,,
AAR2,25980,1.4934878538731806,,
ABCC2,1244,1.2099342533708892,,
ABCD3,5825,,,0.994369676
ABCG2,9429,1.2936572371935722,,
ABHD12,26090,1.26463086424476,,
ABHD16A,7920,1.7703589526859291,,
ACACB,32,1.126953640687583,,
ACLY,47,1.1396191134170783,,
ACOT1,641371,,1.608293391,
ACSS1,84532,1.9949373385500548,,
ACTR5,79913,1.6397208962846714,,
ACVR1C,130399,1.1477219164063088,,
ACY1,95,1.1518877070484312,,
ADAM11,4185,1.3186725315058176,,
ADAM19,8728,1.189382527116922,,
ADAM32,203102,1.1716949489359338,,
ADAM7,8756,1.4036407377000413,,
ADAMTS2,9509,1.29925244806926,,
ADAMTSL3,57188,2.144264119971802,,
ADCY2,108,1.1427086275208649,,
ADNP2,22850,1.2765128222238933,,
ADRB2,154,1.502924819357123,,
AFMID,125061,1.10169679798083,,
AGAP7P,653268,1.2603854398095924,,
AGGF1,55109,1.618565095050328,,
AGL,178,1.1725822125425267,-1.062767157,
AGPAT5,55326,1.190737289478883,,
AGTR1,185,1.0999616146526192,,
AIRE,326,1.1322415051534405,,
AK9,222521,1.3792724651594592,,
AKAP14,158798,1.2418116518259108,,
AKT1S1,84335,1.2194851057415392,,
ALDH3A1,218,1.2443426090494865,,
ALDOA,226,1.4304176972244544,,
ALKBH1,8846,1.4920335250098735,,
ALKBH5,54890,1.626623794184986,,
ALOX12,239,1.5996165960385291,,
AMDHD2,51005,1.0988252649992432,,
AMER3,205147,1.1366014830391868,,
AMIGO2,347902,1.9128970239222391,,
AMPH,273,1.1699816585900416,,
ANAPC13,25847,1.0966448818631247,,
ANAPC15,25906,1.635136841972965,,
ANGEL2,90806,1.2827251678667253,,
ANKRD20A2P,441430,1.0972824486894948,,
ANKRD27,84079,1.7384494393809835,,
ANKRD37,353322,1.2482588332772169,,
ANKRD50,57182,1.8055815261535004,,
ANXA1,301,1.7820027918084458,,
ANXA11,311,1.727706644162228,,
ANXA3,306,1.313024009394771,,
AP1M1,8907,1.2550557880590971,,
AP3D1,8943,1.2494606133133477,,
AP5Z1,9907,1.735427086311372,,
APMAP,57136,1.2500373293041844,,
APOC2,344,1.2457048486138187,,
APOL1,8542,1.354420955891256,,
ARC,23237,2.0524338229997308,,
AREL1,9870,1.1294723558139292,,
ARHGAP26,23092,1.2037761591195963,,
ARHGAP35,2909,1.1473813717433188,,
ARHGAP44,9912,1.3444942099448889,,
ARHGEF1,9138,1.4466171011938278,,
ARHGEF11,9826,1.7732071419918698,,
ARIH2,10425,1.5306597922901206,,
ARL13A,392509,1.2616004015920996,,
ARL16,339231,1.7033205720724849,,
ARL17B,641522,1.3422506629957225,,
ARL4C,10123,2.1064048990973943,,
ARL4D,379,1.171410587896117,,
ARL6IP4,51329,1.4740815396006073,,
ARMCX1,51309,1.3913364734628266,,
ARPC4,10093,1.251956846650953,,
ASB16,92591,2.3680935289511424,,
ASB6,140459,1.3470652895058208,,
ASS1,445,1.65053529451744,,
ASTL,431705,1.6231975293540175,,
ASTN1,460,2.0655752415521,,
ATF6,22926,1.403598263852209,,
ATG16L2,89849,1.1994840168457386,,
ATG7,10533,,,-1.628836661
ATOH1,474,1.1135332446129245,,
ATOX1,475,1.4553369782340826,,
ATP2C1,27032,1.6489520170568095,,
ATP6V1D,51382,1.2233379919625622,,
ATRNL1,26033,1.5376688351818235,,
ATRX,546,1.2806287229826614,,
AUTS2,26053,1.313546644345787,,
AVPI1,60370,1.6598584071835965,,
AZGP1,563,1.1708497382546894,,
BABAM2,9577,1.2818834200954874,,
BACE1,23621,1.6761086842793127,,
BAD,572,1.6270643725369396,,
BANF1,8815,1.9897440149182144,,
BAZ2A,11176,1.2156898839845989,,
BBS12,166379,1.4194508012561309,,
BBS9,27241,1.4114594130515243,,
BCL7B,9275,1.297503381060744,,
BLVRB,645,,1.492405884,
BMP10,27302,1.268597861081546,,
BNIP2,663,1.7062826671915137,,
BOD1L1,259282,,,-1.871358958
BORA,79866,1.7130668468759245,,
BORCS6,54785,,-1.140864972,
BORCS7,119032,1.3822970197694469,,
BPIFA3,128861,1.1822238510901335,,
BRAP,8315,2.1322408382673004,0.950359927,
BRDT,676,2.324418334148628,,
BUB1B,701,1.3323065086419588,,
C11orf52,91894,1.4193393922114497,,
C11orf68,83638,1.1567465485161348,,
C12orf57,113246,1.2124776907611468,,
C14orf119,55017,1.5834015545524367,,
C16orf74,404550,1.7454736534844026,,
C16orf82,162083,1.9536506590523577,,
C18orf21,83608,1.155826221042596,,
C1QL3,389941,1.2914386937612383,,
C1QTNF12,388581,1.7825783847337386,,
C1orf115,79762,1.2084364575103308,,
C1orf174,339448,1.2595818786601982,,
C21orf58,54058,1.2115709091055902,,
C2CD2L,9854,1.48183174783175,,
C2CD5,9847,1.1642429060007222,,
C2orf78,388960,1.238836528604161,,
C4orf33,132321,1.3466360195029758,,
C6orf58,352999,1.468437246459596,,
C7orf50,84310,1.4451317805770023,,
C9orf78,51759,1.3852858027045605,,
CABLES1,91768,2.730455861587192,,
CABYR,26256,1.1765435414408034,,
CACNA1S,779,1.2618351726182302,,
CACNG2,10369,1.3016210780328457,,
CALCOCO1,57658,,-4.320640808,
CALCOCO2,10241,1.6596758260901283,,
CALHM4,221301,1.7081010661761504,,
CALN1,83698,1.5710077201852954,,
CAMK4,814,1.4813293150506432,,
CAMKMT,79823,1.433564667578234,,
CAPN2,824,1.143643433307623,,
CARD14,79092,1.6294529206467396,,
CARM1,10498,1.52905230465807,,
CAVIN2,8436,1.2164770465498702,,
CCDC102A,92922,1.1307593923509232,,
CCDC142,84865,1.4070097636079462,,
CCDC25,55246,1.2612549336107208,,
CCDC65,85478,1.4016040067250772,,
CCDC83,220047,1.9519154796537577,,
CCL16,6360,1.2539319040576675,,
CCR2,1231,1.495977128495207,,
CCSER1,401145,2.1592747713885547,,
CCZ1,51622,1.4674798817253518,,
CD180,4064,1.4292594212003458,,
CD1A,909,1.2306828488430144,,
CD200R1,131450,1.1213683498223888,,
CD24,934,1.1798558679502542,,
CD274,29126,1.2429519467430885,,
CD2AP,23607,1.160544821310174,,
CD36,948,,,-1.209982964
CD3G,917,1.5326463960184982,,
CD81,975,1.2883145169886987,,
CDC20B,166979,1.3324466107680109,,
CDC37,11140,1.143622870859568,,
CDCA7,83879,1.4656825844552157,,
CDH13,1012,1.1740179805175828,,
CDH24,64403,1.1532174901039656,,
CDHR2,54825,1.3096224966546126,,
CDHR4,389118,1.9789615550413493,,
CDR2L,30850,1.2629475186080965,,
CEMIP,57214,1.2800532422986663,,
CEND1,51286,1.1838484059573005,,
CENPB,1059,2.846879685076635,,
CENPF,1063,1.2167945277101988,,
CENPL,91687,1.722987303273699,,
CENPQ,55166,1.2238457184599925,,
CEP112,201134,1.3333783820708311,,
CEP120,153241,1.1284124855731417,,
CEP126,57562,1.333853374229764,,
CEP135,9662,1.4875094763773382,,
CEP68,23177,1.1585184268339193,,
CERS5,91012,1.271357952131947,,
CERS6,253782,1.434401998279453,,
CETN2,1069,1.1457152869492058,,
CFAP263,29070,1.2821376000573448,,
CFAP36,112942,1.0962123169023912,,
CFAP410,755,1.472895080550356,,
CFAP418,157657,1.507017323673714,,
CFAP45,25790,1.1175736464027046,,
CFAP96,441054,1.6792791032694527,,
CFH,3075,1.3233597435504991,,
CHAF1A,10036,1.585654766036407,,
CHCHD7,79145,1.24261505201454,,
CHIT1,1118,,,-0.890968127
CHKA,1119,1.4184235444202415,,
CHMP5,51510,1.4425679458968057,,
CHRM1,1128,1.1844045295201011,,
CHRNB2,1141,1.3929318504993191,,
CHTF8,54921,1.3219877701582998,,
CIB4,130106,1.329432256199904,,
CIDEB,27141,1.2819134272143904,,
CIMIP4,339669,1.191308933009927,,
CLDN17,26285,1.2071473376365356,,
CLDN5,7122,1.431670055247674,,
CLDND1,56650,1.3098971349689208,,
CLEC12B,387837,1.5914898415992509,,
CLEC17A,388512,1.2571006726025686,,
CLEC3A,10143,1.247015115952712,,
CLPP,8192,,,0.902006536
CLPTM1L,81037,2.1879947186835973,,
CLTRN,57393,1.669179726754197,,
CMC2,56942,1.247475445749531,,
CMPK1,51727,1.3356822589112156,,
CMPK2,129607,,2.040383286,5.130396927
CMTM2,146225,1.210443874293482,,
CMTM5,116173,1.4695340376847057,,
CMTR1,23070,1.113431475774893,,
CMYA5,202333,2.139870402642853,,
CNKSR3,154043,1.8363076785728512,,
CNMD,11061,1.8221101015804924,,
CNOT6,57472,1.22294282768441,,
CNOT7,29883,1.6627616298788157,,
CNPY2,10330,1.1645439689720156,,
COCH,1690,1.5710712452313416,,
COG2,22796,1.424323573431018,,
COG8,84342,1.1351256042230615,,
COL15A1,1306,2.0801144245593974,,
COL28A1,340267,1.190984682994458,,
COL6A5,256076,1.2900567760580508,,
COLEC11,78989,1.233378179020766,,
COPS2,9318,,1.146746077,
CORO1A,11151,1.2385832658836415,,
COX6B2,125965,1.752218401392429,,
COX8C,341947,1.3851776443689865,,
CP,1356,1.1895535093955558,,
CPEB2,132864,1.1200668706185466,,
CPNE2,221184,,1.548069833,
CPSF1,29894,1.638123401877789,,
CRLS1,54675,1.6060305058855309,,
CRTAC1,55118,1.2904702431852209,,
CRTC3,64784,1.827056632008882,,
CS,1431,1.6369588738614769,,
CSDC2,27254,1.1724078784324437,,
CSNK1A1,1452,1.281350387688773,,
CSTF2T,23283,1.8404387728603655,,
CTAGE4,100128553,2.2577688410882217,,
CTIF,9811,1.8483066353434383,,
CTNNA1,1495,,,-0.997015091
CTSH,1512,1.5694289157361143,,
CTSL,1514,1.335336416377746,,
CUEDC1,404093,1.132934622728805,,
CUL3,8452,2.0081455909704307,,
CWC27,10283,1.148642201596401,,
CX3CR1,1524,1.886168854517977,,
CXorf65,158830,1.5994722274054405,,
CYB5D2,124936,1.2368708930499095,,
CYFIP2,26999,1.123172302095799,,
CYP19A1,1588,1.246888311912563,,
CYP2A6,1548,1.1158931467714468,,
CYP2E1,1571,1.17044712860208,,
CYP39A1,51302,1.6194863639290251,,
CYP4V2,285440,1.4801311928459533,,
CYP7B1,9420,1.5163458218164545,,
CYTH4,27128,,,-1.906844278
CYTL1,54360,1.2416783489312675,,
DBNL,28988,1.4764586397955828,,
DCAF6,55827,1.5031506468816185,,
DCBLD2,131566,1.3269946677103142,,
DCC,1630,1.114698628994456,,
DCP1A,55802,,,0.762547239
DDR1,780,1.587472034339691,,
DDX52,11056,1.7837667044399317,,
DEDD2,162989,1.1404313224689548,,
DEFA5,1670,1.227437866669732,,
DEFB105A,245908,1.2166728356393963,,
DEFB113,245927,1.8864495570914992,,
DEFB128,245939,2.2673357038608373,,
DENND1B,163486,1.4477228315218915,,
DEPDC5,9681,1.1741396650871845,,
DES,1674,1.1393670752514184,,
DEUP1,159989,1.6069794009934175,,
DGAT1,8694,1.3734340116261758,,
DGKZ,8525,,,-4.419137156
DGLUCY,80017,,-1.227909786,
DIP2B,57609,,,1.548780939
DMRT2,10655,1.2320847793785328,,
DMWD,1762,1.391118486000126,,
DNAH12,375347,1.8132443984111677,,
DNAI7,55259,2.185452115409391,,
DNAJB11,51726,1.4270808072922734,,
DNAL1,83544,1.3911025306098883,,
DNALI1,7802,1.1716694700536887,,
DOCK4,9732,2.4880379434204674,,
DOK7,285489,1.356708279501322,,
DOLK,22845,1.4851042828006564,,
DOP1A,23033,1.6445668027475264,,
DOP1B,9980,1.5083564903643891,,
DRC1,92749,1.3497183314630168,,
DRC7,84229,1.280626066441243,,
DSC3,1825,1.1417104294543652,,
DSCR10,259234,1.1368718139782188,,
DSCR4,10281,1.4250077092471083,,
DSPP,1834,1.298716474106344,,
DTX3L,151636,,,1.601030028
DUS2,54920,1.7551685636612735,,
DUSP1,1843,1.4751814359195323,,
DUSP28,285193,1.774194101917875,,
DYNLT4,343521,1.406033373766384,,
DYRK1A,1859,1.9661789751324936,,
DYSF,8291,1.2397534564788943,,
EBF2,64641,1.1371779962795392,,
ECEL1,9427,1.143940265502828,,
ECH1,1891,1.15929128438685,,
ECHDC1,55862,1.111593791815232,,
ECHDC3,79746,,-0.626369403,
ECPAS,23392,1.3957209869190457,,
EEIG2,284611,1.603562249966413,,
EFHD2,79180,1.6742154202730557,,
EFL1,79631,,,2.687528925
EFS,10278,1.3405083383620615,,
EID3,493861,1.278661384765042,,
EIF2AK2,5610,,,2.400045992
EIF4EBP3,8637,1.8142525210772216,,
EIF4G3,8672,,,-1.897606054
ELAPOR1,57535,1.1257371853395166,,
ELAPOR2,222223,1.2112360448663768,,
ELAVL2,1993,1.1037848553717773,,
ELF1,1997,1.577190533548284,,
ELL2,22936,1.2309968118648962,,
ELOVL1,64834,1.2987645570498347,,
ELOVL6,79071,1.696451958094027,,
EMC6,83460,1.664539540658745,,
EMP2,2013,1.4299708561326667,,
ENDOG,2021,1.4540575536168394,,
EOMES,8320,1.258670289172509,,
EPC1,80314,1.5343619593511408,,
EPC2,26122,1.3915193705575932,,
EPCAM,4072,1.314923740566733,,
EPHA6,285220,1.4468870437486216,,
EPS8,2059,1.2899678985621756,,
ERC1,23085,1.4764303132587466,,-1.952667675
ERCC1,2067,1.5358680049010125,,
ERLEC1,27248,1.4073143141861169,,
ERN2,10595,2.4824261957024296,,
EXPH5,23086,1.593275431775176,,
FABP6,2172,1.6033113674340482,,
FAM177B,400823,1.502112755196804,,
FAM234A,83986,1.1969496851925865,,
FAM3C,10447,1.1438786753699632,,
FAM83E,54854,1.3268737918454496,,
FAM90A1,55138,1.1340828312291542,,
FANCI,55215,1.4023239274817618,,
FASTKD1,79675,1.4809382822447577,,
FAT1,2195,1.1401260325059426,,
FBLN5,10516,1.3058120357806633,,
FBXO3,26273,1.1990663271655349,,
FCF1,51077,1.4864538377278254,,
FGFBP1,9982,1.9169064206698816,,
FGL1,2267,1.5740586562446903,,
FKBP14,55033,1.5342038407735863,,
FLG,2312,1.4953179610371898,,
FMN2,56776,1.2435416287359295,,
FMR1,2332,1.1882608336712877,,
FNDC5,252995,1.1391367681835238,,
FOXD3,27022,1.508164395955062,,
FOXD4L1,200350,1.695590826086228,,
FOXK1,221937,1.9202345464315784,,
FOXN3,1112,1.3585357061563508,,
FRMD8,83786,1.1813514559883656,,
FUT3,2525,1.1938648072681706,,
FXYD4,53828,1.3542276776067017,,
GABPB1,2553,1.1649170186703066,,
GABRA4,2557,2.3532972870107107,,
GADD45GIP1,90480,1.87843252102386,,
GAGE8,100101629,1.2851256045416597,,
GALNT14,79623,1.3087115702460492,,
GANC,2595,1.0973570185597343,,
GARIN2,161142,1.9076939422369783,,
GATD3,8209,1.1607193293847482,,
GBP1,2633,,,2.687539728
GBP2,2634,,,1.111666448
GBP4,115361,1.3351243468437994,,
GBP5,115362,,,3.175454832
GCKR,2646,1.8511987369934269,,
GEMIN7,79760,1.4228423625458726,,
GGACT,87769,1.5885492872736848,,
GGT1,2678,1.1417831526689142,,
GJA4,2701,1.141319396502837,,
GJA9,81025,1.2037588107251174,,
GJB3,2707,1.2505777994400626,,
GLI1,2735,1.490515577149608,,
GLRA1,2741,1.2110991906450672,,
GMCL1,64395,1.250828625716866,,
GMEB2,26205,1.1671636926008122,,
GMPR,2766,,,1.612729285
GNAI2,2771,1.7252122469493951,,
GNB2,2783,1.463199062487949,,
GNG4,2786,2.74293888078685,,
GNL3,26354,1.30279820019979,,
GOLM2,113201,1.58866066405412,,
GOT1,2805,1.3802326615972795,,
GPATCH2,55105,2.3714676294817245,,
GPNMB,10457,1.4839813241801425,,
GPR158,57512,1.3808228045548632,,
GPR18,2841,1.2001195981908677,,
GPR39,2863,1.3964579057054731,,
GRHL2,79977,1.2527130461159657,,
GSDMA,284110,1.1145164509516978,,
GSTZ1,2954,1.2016023396719122,,
GTF2A2,2958,1.6185436705288023,,
GTSF1L,149699,1.1189757893112795,,
GUCY2EP,390226,1.9581026910927664,,
GZMK,3003,1.5180112719063574,,
H2BC1,255626,1.134092406781452,,
H2BC3,3018,1.5664573811440563,,
H3C3,8352,1.82568440023956,,
HAND1,9421,1.311004823986306,,
HARBI1,283254,1.2072193946030754,,
HARS2,23438,,,1.502810985
HAUS1,115106,2.024863025653862,,
HDAC11,79885,1.4976277086151406,,
HEATR4,399671,1.1452771624158484,,
HEATR5B,54497,1.7586517111306232,,
HECTD2,143279,1.1476687794751022,,
HERC5,51191,1.2126371023321272,,
HES2,54626,1.215937144802563,,
HES3,390992,1.2116370968586512,,
HIC2,23119,1.938521587906338,,
HLA-B,3106,,,2.02347863
HLA-B,3106,,,1.008569822
HLA-DOA,3111,1.1098468841543898,,
HLA-DRB1,3123,1.2503045959800398,,0.960305283
HLA-DRB3,3125,,,1.243831368
HMCN1,83872,1.3631379591485122,,
HNRNPH1,3187,1.5367059983712514,,
HNRNPR,10236,1.3885760674955394,,
HOATZ,399949,1.5079031010985544,,
HOXD13,3239,1.2464597198059937,,
HP,3240,1.4749452744489815,,
HPCA,3208,1.3642683609681971,,
HRG,3273,1.3039944222556388,,
HSDL2,84263,1.1530474249322231,,
HSF1,3297,1.1345740595377176,,
HSF2,3298,1.3987182231803077,,
HSP90AA1,3320,1.4474815190595218,,
HSPB6,126393,1.104108669058938,,
HSPH1,10808,1.6058034505067758,,
HTR7,3363,1.1899242286895508,,
HYCC2,285172,1.588422356482335,,
IAH1,285148,1.2832709912140543,,
ICAM4,3386,1.203952756003616,,
IFI27,3429,1.3101156950561523,,
IFI44,10561,,,3.468329055
IFI44L,10964,1.5402395502502813,,2.64704648
IFIH1,64135,,2.003777245,4.555946029
IFIT1,3434,,3.970117068,6.283329563
IFIT2,3433,,3.884688719,6.643829723
IFIT3,3437,,3.494644087,5.69825699
IFIT5,24138,,,1.116969129
IFNA14,3448,1.7687340414912216,,
IFT70A,92104,1.5874566851092045,,
IFT70B,150737,1.5526430460692853,,
IFTAP,119710,1.7277345811018816,,
IGFBP7,3490,1.7314934050882056,,
IGSF22,283284,1.4013315204733603,,
IGSF3,3321,1.673340844806496,,
IL11,3589,2.3444976721230764,,
IL16,3603,1.2606941017711124,,
IL17B,27190,1.8355727084603153,,
IL17F,112744,1.6231312684798374,,
IL17RC,84818,2.2520711303622982,,
IL4I1,259307,1.1283651275207869,,
ILDR1,286676,1.6400444013804056,,
INAFM1,255783,1.3107249501101554,,
INCENP,3619,1.6864956741848682,,
ING2,3622,1.315752641868832,,
ING3,54556,1.2081846637900504,,
INTS10,55174,1.6146551579428905,,
INTS13,55726,1.436359348423604,,
IPMK,253430,1.1611445265207252,,
IPO11,51194,1.7688831438861388,,
IREB2,3658,,,-1.855734379
IRF2BP2,359948,1.5333114246457495,,
ISG15,9636,,,5.740499175
ITCH,83737,1.2175067504897048,,
ITGA11,22801,1.4544213384482114,,
ITGAD,3681,1.2459805400248278,,
ITGB1BP1,9270,1.1444421693006237,,
ITM2C,81618,1.1768124223481615,,
ITPRIP,85450,1.3897352302514143,,
IWS1,55677,1.1715345282732574,,
KBTBD8,84541,1.8097271456484796,,
KCTD20,222658,1.961009985381981,,
KDM4A,9682,1.2045698741464754,,
KDM5B,10765,1.8282072830922949,,
KHNYN,23351,1.1057360140045225,,
KIF15,56992,1.3176398060858152,,
KIF9,64147,2.1426210061982487,,
KLC4,89953,2.004909457076133,,
KLHDC3,116138,1.1474607490010156,,
KLHDC7A,127707,2.2389047863287725,,
KLHL12,59349,1.1888340033634837,,
KLHL23,151230,1.751874371421399,,
KLHL34,257240,1.2446356722694651,,
KLHL35,283212,1.134700356981594,,
KLRG1,10219,1.1427612487786836,,
KMO,8564,1.8973367575950768,,
KRT13,3860,1.22466758977277,,
KRT81,3887,1.1996140971890747,,
KRTAP12-2,353323,1.100187310089086,,
KRTAP20-1,337975,1.651248212959869,,
KRTAP20-3,337985,1.9415831419084857,,
KRTAP4-4,84616,1.1589748856113409,,
L3MBTL4,91133,1.6120043877468722,,
LAD1,3898,1.124515504285609,,
LALBA,3906,1.4461451949944328,,
LAMC2,3918,1.6085692477933444,,
LAMTOR4,389541,1.3963675808487754,,
LARGE2,120071,1.1400061355521205,,
LCE2A,353139,1.2487536775370542,,
LCE2C,353140,1.208303467830398,,
LCE3E,353145,1.1417950293510777,,
LCP2,3937,1.5272050252278395,,
LDAF1,57146,1.5569269248552553,,
LDHAL6A,160287,1.2075624564176446,,
LGALS13,29124,1.9014540647452156,,
LGALS3BP,3959,1.127115659928882,,
LGALS4,3960,1.1309199307820703,,
LGMN,5641,,,1.031465532
LIAS,11019,1.652011083478048,,
LIG4,3981,1.1447386514537392,,
LIMS2,55679,1.1249687985436645,,
LINC00696,100128378,1.5204839127238292,,
LINC02035,100129550,1.270478204506143,,
LINC02908,401563,1.4543085918558107,,
LINS1,55180,1.358405880633945,,
LIPG,9388,1.4346025976988694,,
LMTK3,114783,1.4110017163643906,,
LPL,4023,,,-2.614530164
LRIF1,55791,1.603528092859367,,
LRP1,4035,1.35687465547245,,-1.81193024
LRRC14,9684,1.6145787848029174,,
LRRC15,131578,1.4464092716843415,,
LRRC26,389816,1.6635475262358086,,
LRRC40,55631,1.1807019689423517,,
LRRC75A,388341,1.534474980798359,,
LRRCC1,85444,1.2002637668180611,,
LRRN2,10446,1.4690081935387662,,
LUC7L3,51747,1.507629247207603,,
LY6D,8581,1.2795434197774775,,
LYAR,55646,1.4009217665124378,1.381904766,
LYPD2,137797,1.3123082665752903,,
LYPD4,147719,1.46262226836132,,
LYSMD4,145748,1.5533333081495522,,
MAB21L2,10586,1.39186052457759,,
MAB21L4,79919,1.709281163726696,,
MACROD1,28992,1.3433681782545714,,
MAG,4099,1.4584515081386242,,
MAGEA5P,4104,1.4073434500536153,,
MAGEB3,4114,1.142649741571672,,
MAGEB4,4115,1.5829207948103226,,
MAGEC1,9947,1.8564994759494589,,
MAK,4117,1.4250504514951694,,
MAMLD1,10046,1.4394700578906487,,
MAN1A2,10905,2.263966543100093,,
MAP1B,4131,1.1093085071708175,,
MAP2K3,5606,1.2411654405574013,,
MAPK14,1432,1.1541118782193776,,
MAPK8IP2,23542,2.2401408552701243,,
MAPK9,5601,,-0.899060288,
MARCKS,4082,,,2.060799559
MBD3,53615,1.193637529872926,,
MBD5,55777,1.3795209546736793,,
MBLAC2,153364,1.484724478947424,,
MBNL3,55796,1.574113527963294,,
MCCC1,56922,1.1539735256096266,,
MCPH1,79648,2.034247314289392,,
MCTP2,55784,1.684948522585687,,
MDP1,145553,1.3718538852244708,,
MECP2,4204,2.053477692941095,,
MED13L,23389,1.1491617900180633,,
MELTF,4241,1.5127937496718895,,
METTL13,51603,,,-0.964496405
METTL26,84326,1.2196847568033924,,
METTL6,131965,1.2498970618686938,,
MEX3D,399664,1.2214722676116008,,
MFSD2A,84879,1.2699770150082794,,
MGAT1,4245,1.5899873940540308,,
MLANA,2315,1.7557317112986284,,
MLEC,9761,1.199409863743912,,
MLX,6945,1.096678544356687,,
MMAB,326625,1.22084026181216,,
MMD,23531,1.2617749765403246,,
MMP10,4319,1.7670400662700323,,
MMS22L,253714,1.4340167464122144,,
MOGS,7841,1.2219324995370426,,
MPIG6B,80739,1.5004865093123838,,
MPLKIP,136647,1.160128111804366,,
MPV17L2,84769,1.1593200326656317,,
MPZL1,9019,1.4226012100842744,,
MRM1,79922,1.4784955692547888,,
MRNIP,51149,1.543659060890753,,
MRPL10,124995,2.069399661180719,,
MRPL20,55052,1.2600162870081155,,
MRPL21,219927,1.652198733896517,,
MRPL30,51263,1.5131549986904451,,
MRPL39,54148,,1.864309705,
MRPS14,63931,,,0.707201924
MRPS16,51021,1.734502325190953,,
MSI2,124540,1.179276449890965,,
MSLN,10232,2.9237401758148502,,
MSN,4478,1.314858491633278,,
MSX1,4487,1.5098101291106962,,
MTARC1,64757,1.3297872296983937,,
MTDH,92140,1.1960230178204034,,
MTFMT,123263,1.393387586257592,,
MTG1,92170,1.2846631472323262,,
MTRF1,9617,1.942329276121518,,
MUC4,4585,1.7788142726074665,,
MVP,9961,1.2879563312306213,,
MX1,4599,,3.466208244,6.232267805
MX2,4600,,3.68336919,5.787620472
MYDGF,56005,1.4901981894050724,,
MYH1,4619,1.9602234718389433,,
MYH4,4622,1.3975323993494366,,
MYL3,4634,1.1937173015739284,,
MYO5A,4644,2.0554399528356666,,
MYOF,26509,1.1945244980012382,,
MYORG,57462,1.249071214146103,,
NAA80,24142,1.1249706109783064,,
NACA2,342538,1.3110746499005486,,
NAE1,8883,1.3031191394050596,,
NAGPA,51172,1.4598340216133625,,
NAP1L1,4673,1.9697589192463467,,
NAPB,63908,1.158382537368369,,
NAT8,9027,1.2439540136319946,,
NBEAL2,23218,,-1.278896145,
NBL1,4681,1.2413440311395845,,
NCAPG2,54892,1.6818534700054233,,
NCOA1,8648,1.3500995425614677,,
NDEL1,81565,1.3417328134038011,,
NDUFAF6,137682,1.898995420383318,,
NEDD1,121441,1.1526509477830225,,
NEDD9,4739,1.7683350806359075,,
NELFCD,51497,1.2918647458606944,,
NEO1,4756,1.1841156815805656,,
NEURL4,84461,1.4798444700465554,,
NEUROD2,4761,1.2521645759185605,,
NEUROG3,50674,1.2691149598308742,,
NEXN,91624,1.3337064603004725,,
NFASC,23114,1.1455583363189576,,
NFRKB,4798,1.2064498751067363,,
NGDN,25983,1.5474559544277915,,
NIPSNAP3B,55335,1.228964695903923,,
NLRP1,22861,1.1314893492238682,,
NLRP3,114548,1.2655781662669054,,
NMBR,4829,1.374303434225166,,
NME9,347736,1.2083712485625595,,
NOTCH2NLA,388677,1.137208383901684,,
NPAS3,64067,1.5646158806486667,,
NPC2,10577,1.5651793016576652,,
NPIPA1,9284,1.521806283021377,,
NPPA,4878,1.739956832509134,,
NRF1,4899,1.5222749916661475,,
NRN1L,123904,1.126154432411055,,
NT5C3A,51251,,2.031440785,
NTM,50863,1.2300705717987732,,
NUB1,51667,,,4.458123748
NUDCD2,134492,1.1041164138823962,,
NUDT18,79873,1.7204110786892648,,
NUP210L,91181,1.379126333527052,,
NUP62CL,54830,1.1003853915511257,,
NUPR1,26471,1.125514672192409,,
OAS1,4938,,2.309110681,2.327680098
OAS2,4939,,,3.580865407
OAS3,4940,,,3.175544218
OASL,8638,,,2.916732074
OBI1,79596,1.2253526651561182,,
OBP2A,29991,1.4868526282096406,,
ODF2,4957,1.1672199076965886,,
ODF2L,57489,1.1026996053691476,,
OFD1,8481,1.1044480294643524,,
OLFML2A,169611,1.9913352961413424,,
OLR1,4973,1.165506787530971,,
OPCML,4978,1.4753907602021314,,
OPTC,26254,1.4045885229160695,,
OR10A7,121364,1.4882066868187638,,
OR10K2,391107,1.5996045769375606,,
OR12D3,81797,1.2049582603763669,,
OR1D5,8386,1.553942933847567,,
OR1K1,392392,1.3841460454635786,,
OR1L1,26737,1.1938136438994134,,
OR2D3,120775,1.153367035903823,,
OR2S2,56656,1.1268580346583423,,
OR2T11,127077,1.55640553257377,,
OR2T12,127064,1.22456615374875,,
OR2W1,26692,1.4118364056320154,,
OR4D2,124538,1.266320748031421,,
OR4K15,81127,1.1571152810831695,,
OR4K2,390431,1.140307985596553,,
OR4P4,81300,1.5426955734843402,,
OR51A4,401666,1.7196369653454495,,
OR51A7,119687,1.5974194395787982,,
OR52B2,255725,1.418186935480534,,
OR52B4,143496,1.1349708202195727,,
OR52B6,340980,1.1422187179875416,,
OR52I2,143502,1.517407927166765,,
OR52K2,119774,1.162804461239587,,
OR5L1,219437,1.2004851448185927,,
OR6A2,8590,1.2473137064481057,,
OR6C1,390321,1.570297092320475,,
OR7A17,26333,1.594261253762482,,
OR7A5,26659,1.0952836848306895,,
OR8U8,504189,1.125692116373183,,
OSBP,5007,1.3589571261380022,,
OSCAR,126014,1.9095140328820253,,
OTC,5009,2.0448130438726944,,
OTOP1,133060,1.11803007350863,,
PABPN1,8106,2.12809525403326,,
PACS2,23241,,-1.582585897,
PADI6,353238,1.5167586729058251,,
PAK1IP1,55003,1.1194680559010672,,
PAK2,5062,1.5483052094492429,,
PANK1,53354,1.6754009156881529,,
PARP10,84875,,,1.829224207
PARP14,54625,,,2.689508851
PARP9,83666,,0.971403167,2.34950984
PAXX,286257,1.172986758120553,,
PCDH1,5097,1.4352924855842673,,
PCDHA6,56142,1.149410926246345,,
PCDHA9,9752,1.566239365739565,,
PCDHB1,29930,1.1053780541444875,,
PCDHB14,56122,2.1219004400928876,,
PCDHB4,56131,1.73876447426953,,
PCDHGA12,26025,1.8561807624786864,,
PCED1A,64773,1.484992284249821,,
PCSK1N,27344,1.6020435294731676,,
PDAP1,11333,1.623396557963643,,
PDE2A,5138,1.1487511707740483,,
PDE6D,5147,1.6620678007969278,,
PDE9A,5152,2.0752506492955813,,
PDGFRA,5156,1.7663675470969795,,
PDXDC1,23042,,,-2.897919584
PDZK1IP1,10158,1.253764547744944,,
PDZRN4,29951,1.438217468291893,,
PEBP1,5037,1.1583313448540142,,
PEDS1,387521,1.2784505848455343,,
PELO,53918,1.340402048642691,,
PER1,5187,1.4439899140634154,,
PEX16,9409,1.4134888015466929,,
PF4V1,5197,1.0950190601419354,,
PGAM5,192111,1.4323565997498715,,
PGLYRP3,114771,1.2084666951371963,,
PHEX,5251,1.2582861153843876,,
PIANP,196500,2.012026223935502,,
PIGT,51604,1.3109655690684927,,
PIH1D1,55011,1.5623286921576862,,
PIK3C2A,5286,1.469068803146837,,
PIK3C3,5289,1.9774254697219864,,-1.843942443
PIK3R3,8503,1.4249039378217567,,
PIMREG,54478,1.1449800002109218,,
PIP5KL1,138429,1.321291168630633,,
PKD1L2,114780,1.097940507738214,,
PKNOX2,63876,1.1175317876448323,,
PLAAT3,11145,1.109943207225373,,
PLBD1,79887,1.2995090901681912,,
PLBD2,196463,1.2377742929446347,,
PLCXD2,257068,1.3084827615286678,,
PLEK,5341,1.320607251092563,,
PLEKHA8P1,51054,1.6517351803365046,,
PLEKHG7,338809,1.1296113649448598,,
PLK4,10733,1.1415122829176,,
PLOD3,8985,1.4180432361140247,,
PLPBP,11212,1.541800884539575,,
PLPPR2,64748,1.1070807016378892,,
PLS1,5357,1.265899263521939,,
PMCH,5367,1.1407759154832853,,
PML,5371,,,1.80977867
PNMA8B,57469,1.493648439630342,,
PNP,4860,1.9142500572237964,,
PNPLA5,150379,1.1753510680853645,,
POLD4,57804,1.614374330712924,,
POLH,5429,2.0045444355342683,,
POLR2C,5432,1.4913233888255415,,
POLR3D,661,1.1115344837928465,,
POMGNT1,55624,1.5781280899592542,,
POU2AF1,5450,1.8010153835181142,,
PPIF,10105,1.3006465945312111,,
PPM1M,132160,1.236578083317432,,
PPP1R12A,4659,1.2653231613575169,,
PPP1R14A,94274,,1.624327066,
PPP1R27,116729,1.5927634031207696,,
PPP2R2A,5520,1.4019966769534329,,
PPT2,9374,1.2710987307870718,,
PRAMEF10,343071,1.1506428783924654,,
PRDM11,56981,1.8949033603945649,,
PRDM4,11108,1.3472281123399927,,
PRDX6,9588,1.5165545822132929,,
PRG4,10216,1.341840268237453,,
PRKAA1,5562,,,-2.160761917
PRKACA,5566,,2.336694091,
PRKCI,5584,1.2555526377078678,,
PRMT5,10419,1.1022620867819986,,
PROX1,5629,1.5235513566906105,,
PRR14L,253143,1.4057914751346767,,
PRR21,643905,1.957958477955098,,
PRR34,55267,1.1742793694840208,,
PRRG2,5639,1.2627373644954727,,
PRSS55,203074,1.501173110588289,,
PRX,57716,1.1712268881213903,,
PRXL2C,195827,1.1718204929415232,,
PSD4,23550,,0.653926188,0.814482558
PSG11,5680,1.1099031129663774,,
PSG3,5671,2.256097918882338,,
PSMC2,5701,1.4952513051915175,,
PSMD6,9861,2.072300562684078,,
PSMF1,9491,1.3882410363499638,,
PSORS1C1,170679,1.1200934990786957,,
PTCHD4,442213,2.092970098607094,,
PTDSS2,81490,1.3883480751072277,,
PTGDR2,11251,1.1311849638045808,,
PTGFRN,5738,1.3229159241240178,,
PTMS,5763,1.3190674421098212,,
PTPN7,5778,1.552685418010583,,
PTPRD,5789,1.2082760892304445,,
PTPRF,5792,1.3620299677681766,,
PUS7L,83448,1.559349347820367,,
PWP2,5822,1.218332557054434,,
PYDC2,152138,1.375593125352096,,
PYY,5697,1.839205799745622,,
QKI,9444,1.6957200734121334,,
R3HDM4,91300,1.4640111900027042,,
RAB11FIP5,26056,1.1686316783975603,,
RAB40C,57799,1.804377300066964,,
RAB43,339122,,1.346686195,
RAB5B,5869,,-1.361548243,-1.906787897
RAB9A,9367,1.1427952129018393,,
RABEPK,10244,1.2189413972527103,,
RAD54B,25788,1.5713807476123816,,
RALBP1,10928,1.911005938291268,,
RAMP1,10267,1.182200765802448,,
RANBP3,8498,1.0988902252004669,,
RANBP3L,202151,1.2591718574456854,,
RAPGEFL1,51195,1.2341298687417523,,
RASIP1,54922,1.36530582896233,,
RASSF5,83593,1.8705983954342655,,
RASSF7,8045,1.4628249989621298,,
RBM15B,29890,1.258605817673047,,
RBM22,55696,1.1775633048680272,,
RBMY1B,378948,1.1232030522966965,,
RBMY1E,378950,1.2728850761679924,,
RBPMS2,348093,1.4255416097203943,,
RCE1,9986,1.1515412388878628,,
RCL1,10171,1.184638121993264,,
REC114,283677,1.9360432093166209,,
RERG,85004,1.5409084384164378,,
RERGL,79785,1.137422376356832,,
RGCC,28984,,,-1.448225267
RGL1,23179,1.2448155007417954,,
RGL4,266747,1.1120188229996573,,
RGS22,26166,1.3926352398335091,,
RHBDD2,57414,1.1467000691001847,,
RHBDF1,64285,1.1461688331030286,,
RHOBTB2,23221,1.8967984851463575,,
RHOBTB3,22836,1.3159251768972866,,
RHPN2,85415,1.358525603333185,,
RIGI,23586,,3.020813326,4.380299408
RING1,6015,,1.150034561,0.891145679
RINL,126432,1.661204937498049,,
RMDN2,151393,1.432615252627734,,
RNASE11,122651,1.5892171028709912,,
RNASE13,440163,1.3662283569853415,,
RNF126,55658,,,-0.675007177
RNF135,84282,1.4027003478618187,,
RNF213,57674,,,1.577665674
RNF215,200312,1.5347584569467552,,
RNLS,55328,1.1676274243391491,,
RNPS1,10921,1.4592666747420022,,
RPA4,29935,1.2820725714892525,,
RPL13A,23521,1.8960635222968265,,
RPL7A,6130,1.810023097386105,,
RPRML,388394,1.9935791035482064,,
RPS4X,6191,1.1782412856248912,,
RPS6KA1,6195,1.4003483573722892,,
RRAGB,10325,1.645767617011081,,
RRM2,348738,1.6697922585020846,,
RTP2,344892,1.5363815852563187,,
S100A10,6281,1.5664118222747954,,
S100A9,6280,1.36698748361246,,
SAAL1,113174,1.6553448088272376,,
SAFB2,9667,1.2934189923423585,,
SAMD9,54809,,,1.653304209
SAMD9L,219285,,1.172951102,1.858370323
SAR1A,56681,1.7503737010045186,,
SAXO4,220004,2.0552265640592866,,
SBDS,51119,1.300042977217344,,
SCAF11,9169,1.4906239325097426,,
SCAMP2,10066,1.2139207341395886,,
SCFD1,23256,1.3982743514618865,,
SCGB2B2,284402,1.8955021411011432,,
SCOC,60592,1.1096552044961188,,
SCRN2,90507,1.411063966183113,,
SCX,100129885,1.6847082155633564,,
SDR9C7,121214,1.531087210908224,,
SEC22C,9117,1.4555422487642655,,
SEC24B,10427,1.126247237502167,,
SELL,6402,1.6799545974425851,,
SELP,6403,1.3997388443190533,,
SEMA3F,6405,1.534598520052301,,
SEPSECS,51091,1.911336131505538,,
SEPTIN5,5413,1.1598736952251532,,
SEPTIN6,23157,1.275196678224602,,
SERPINA11,256394,1.4824776878018306,,
SERPING1,710,1.9969751269836689,,
SERPINH1,871,,,1.071614534
SETD7,80854,1.0954020152528832,,
SFMBT1,51460,1.3951752852971782,,
SFT2D2,375035,1.110175408422614,,
SFT2D3,84826,2.2550913425612955,,
SFTPC,6440,1.3298110737857929,,
SH2D3C,10044,1.0974808723496363,,
SH3GL1,6455,2.105077707945473,,
SHANK3,85358,1.3885041901019544,,
SHC3,53358,1.6148724765091067,,
SHISA4,149345,1.9406717987619508,,
SIGLEC1,6614,,,2.605906967
SIGLEC8,27181,1.2492338360082322,,
SIM2,6493,1.457969056674532,,
SIMC1,375484,1.499881513726799,,
SIRPA,140885,1.165752937760172,,
SIRT2,22933,1.6439209441559064,,
SKA2,348235,1.4286880462706244,,
SKA3,221150,1.523712951084108,,
SLAMF7,57823,,,1.171972565
SLBP,7884,1.1067078978329377,,
SLC10A6,345274,1.163366238673952,,
SLC22A13,9390,1.2267938392064734,,
SLC25A17,10478,1.4132306312370937,,
SLC25A21,89874,1.2109332959989147,,
SLC2A12,154091,1.2639916480093656,,
SLC2A4RG,56731,1.217186491915447,,
SLC30A1,7779,,-2.114594111,
SLC30A9,10463,1.5376375248800789,,
SLC32A1,140679,1.3283925749620122,,
SLC35B2,347734,1.658906063436821,,
SLC35D2,11046,1.3187812637039469,,
SLC35E3,55508,1.2844799620008036,,
SLC44A1,23446,1.7430591189165967,,
SLC51B,123264,1.1146845209202765,,
SLC5A3,6526,1.2428288205588485,,
SLC7A13,157724,1.1861166117876516,,
SLFN11,91607,1.225621073406538,,
SLURP1,57152,1.4081380492145914,,
SMAD6,4091,1.1381533307783789,,
SMIM13,221710,1.154141600138023,,
SMIM19,114926,1.1125165000516095,,
SMTN,6525,1.222721728425094,,
SNCA,6622,,,-2.165704026
SNRNP27,11017,1.2473693252319675,,
SNRNP35,11066,1.4233601200907426,,
SNURF,8926,1.3083975599855409,,
SNX17,9784,1.5565144732473863,,
SNX20,124460,1.3920389346293414,,
SNX25,83891,1.52155479740922,,
SOD1,6647,1.4453333183490824,,
SOX13,9580,1.2030104710713256,,
SP100,6672,,,1.528571932
SP110,3431,,0.842989962,2.214229617
SPA17,53340,2.145747855053215,,
SPAG11A,653423,1.2317458573858433,,
SPATA31G1,138724,1.576674650285693,,
SPATC1,375686,1.10670526249936,,
SPATC1L,84221,1.2903937694004983,,
SPATS2L,26010,,,0.664048158
SPECC1,92521,1.3390396812907888,,
SPINDOC,144097,1.7549060524094866,,
SPOPL,339745,1.2492456997079175,,
SPRR2B,6701,1.2175116838320932,,
SPRR4,163778,1.245695369731467,,
SRFBP1,153443,1.724642480142264,,
SRRM3,222183,1.2765799922688674,,
SRSF11,9295,1.342903290756077,,
SSPOP,23145,1.3482049096679996,,
ST3GAL3,6487,1.9705222603967825,,
ST6GALNAC4,27090,1.1981020765085146,,
STAT1,6772,,,2.708410504
STAT2,6773,1.837156228099991,,2.441895404
STATH,6779,1.1109662515174297,,
STOM,2040,,,1.878361517
STOX1,219736,1.3061222126954797,,
STOX2,56977,1.2699133613440532,,
STUM,375057,1.16564079316756,,
STX12,23673,1.218370308270937,,
SUMF2,25870,1.5557396366274348,,
SUPT3H,8464,1.5050169458771534,,
SYCP2L,221711,1.6091091539417723,,
SYNC,81493,1.2840233064880655,,
SYNPO2,171024,1.1221135283251278,,
SYT11,23208,1.739297142134734,,
SYT15,83849,1.6139385390549357,,
SZT2,23334,1.1587067095780827,,
TACC3,10460,1.4196082378289183,,
TADA3,10474,1.0986755535973278,,
TAF1D,79101,1.686150214809448,,
TANC1,85461,1.4662052777968773,,
TAOK3,51347,1.2554931138408314,,
TAP1,6890,,,1.254141695
TARP,445347,1.2345082559712497,,
TAS2R16,50833,1.7143241830997789,,
TAS2R9,50835,1.169100232377116,,
TBC1D23,55773,1.30662648335808,,
TBC1D3B,414059,1.3706641846782623,,
TBCCD1,55171,1.457648594565884,,
TBK1,29110,1.6906771283977533,,
TBX20,57057,1.413783442255211,,
TBX21,30009,1.2880244224861088,,
TCL6,27004,1.3511893931321943,,
TCP11L1,55346,1.1903550429646703,,
TDRD7,23424,,,3.050368893
TDRD9,122402,1.1822739763373349,,
TEX264,51368,1.4367583360630705,,
TEX55,152405,2.0125057416707426,,
TFPT,29844,1.3011272822209246,,
THEM6,51337,1.3698968324639789,,
THEMIS,387357,1.287459143558168,,
TIMP4,7079,1.1561486754291566,,
TLCD1,116238,1.1088631661300692,,
TLE5,166,1.2203390918502164,,
TLX1NB,100038246,1.2525023671571538,,
TM9SF1,10548,1.1075749271757458,,
TMCO3,55002,1.5239225690898293,,
TMED4,222068,1.1082319878608966,,
TMEM126B,55863,1.3093660014510942,,
TMEM147,10430,1.2702503249190005,,
TMEM17,200728,1.6054523879058444,,
TMEM183BP,653659,1.1532588270309854,,
TMEM199,147007,1.5801511462507558,,
TMEM201,199953,1.116452928197775,,
TMEM237,65062,1.4402054527232475,,
TMEM266,123591,1.6915999145968112,,
TMEM270,135886,1.2067635918219008,,
TMEM30B,161291,2.092291497355967,,
TMEM33,55161,1.577756484610384,,
TMEM35A,59353,1.455742352005754,,
TMEM39B,55116,1.1362068228739748,,
TMEM44,93109,1.236212593097524,,
TMEM51,55092,1.1386769563943933,,
TMEM64,169200,1.1762855583016028,,
TMEM69,51249,1.8490965242518151,,
TMEM94,9772,1.1344755842870462,,
TMPRSS3,64699,1.4593281095592865,,
TMTC1,83857,1.468799143801025,,
TNKS1BP1,85456,1.3686910270959274,,
TOB1,10140,1.7308138902731918,,
TOMM34,10953,1.3952167312131951,,
TOMM70,9868,1.2824342996560572,,
TRHR,7201,1.1104055269960706,,
TRIM24,8805,1.459981891330671,,
TRIM73,375593,1.515252503591059,,
TRIP11,9321,1.3780491629333214,,
TRIR,79002,1.2056282388697763,,
TRMT112,51504,1.4278543348127863,,
TRNAU1AP,54952,1.2048571751907469,,
TSEN15,116461,1.45894060694912,,
TSGA10IP,254187,1.2005643941426856,,
TSHZ2,128553,1.367125728076563,,
TSKU,25987,1.190369124743746,,
TSPAN10,83882,1.759307206256998,,
TSPAN15,23555,1.303064004830047,,
TSPAN33,340348,1.172037534343718,,
TSPAN5,10098,1.1540612187535872,,
TTC5,91875,2.573084988209562,,
TTI2,80185,1.887892236833662,,
TUBA3D,113457,1.1078205015463545,,
TXNDC12,51060,2.2507929213986797,,
TXNL4B,54957,1.510638730962906,,
TXNRD2,10587,,2.496962686,
UBAP2,55833,1.3007526811565575,,
UBE2J1,51465,1.6593251944646394,,
UBE2L6,9246,,,2.504379703
UBE2O,63893,1.1244959965326835,1.145852987,
UBE2QL1,134111,1.48926460917112,,
UBR4,23352,1.115231155403885,,
UBTD1,80019,1.104849413831035,,
UBXN7,26043,,,-2.721373263
UCHL1,7345,,,-2.812635139
UCHL5,51377,,1.258477297,
UCN,7349,1.43506863324206,,
UGP2,7360,1.3006067697339605,,
ULK3,25989,1.920299186923804,,
UPF3B,65109,1.2584730242670517,,
URI1,8725,1.115899842585807,,
USF3,205717,1.4463047725129257,,
USH1G,124590,1.192067591228898,,
USP44,84101,1.244801630115151,,
UTP14A,10813,1.2753467490361374,,
UTP18,51096,1.6208963300082666,,
VCX2,51480,2.103446905098312,,
VEPH1,79674,1.1419345250051172,,
VIPR1,7433,1.373017766057955,,
VMO1,284013,1.3081825339970723,,
VPS26C,10311,1.203850052122632,,
VPS53,55275,1.1039458202899224,,
VPS54,51542,1.9473141294126,,
VTI1B,10490,1.2082939946170752,,
VWA7,80737,1.2503013264615015,,
WDFY4,57705,1.2157752788450744,,
WDR19,57728,1.813609188800763,,
WDR44,54521,1.508983430000831,,
WFIKKN2,124857,1.2745346971542453,,
WIF1,11197,1.26966396256134,,
WIPF1,7456,1.2339375749229424,,
WNK4,65266,1.4090635136791985,,
WNT16,51384,1.1452016444671584,,
WNT2,7472,1.425206241891576,,
WNT5B,81029,1.5899096381859026,,
XAB2,56949,1.4703770399603175,,
XCR1,2829,1.6672058477974616,,
XRN1,54464,,,1.832641085
YARS1,8565,1.2708828501594107,,
YIPF4,84272,1.4929818027601212,,
YJEFN3,374887,1.451950833576657,,
YPEL2,388403,1.3248203995936931,,
YPEL4,219539,1.8012914984937771,,
YWHAZ,7534,1.1175440380568815,,
ZBED3,84327,1.9615407637917612,,
ZBED4,9889,1.6013515562425849,,
ZBTB3,79842,1.3285865647935724,,
ZBTB8A,653121,1.8031242286920528,,
ZC3H18,124245,1.1371895125142668,,
ZEB2,9839,1.2014698888289232,,
ZFYVE9,9372,1.3843803796037373,,
ZKSCAN3,80317,1.652508946071907,,
ZMYND15,84225,1.3021497505149933,,
ZNF212,7988,2.2356434412932407,,
ZNF226,7769,1.3628889709779726,,
ZNF235,9310,1.199703141352627,,
ZNF354C,30832,1.2228725976478267,,
ZNF490,57474,1.3241013585665953,,
ZNF491,126069,1.116831762631285,,
ZNF510,22869,1.3235270396569927,,
ZNF512,84450,1.4140017766919533,,
ZNF529,57711,1.94912298335191,,
ZNF560,147741,1.371358274338688,,
ZNF565,147929,1.2797543071130313,,
ZNF567,163081,1.6997517908826325,,
ZNF608,57507,1.2228052454263982,,
ZNF704,619279,1.3563304107499907,,
ZNF708,7562,1.527763840486669,,
ZNF830,91603,1.2779538148176264,,
ZNF846,162993,1.681527508532339,,
ZNRF3,84133,1.3630278919480523,,
ZSCAN10,84891,1.4981690936101046,,
ZSCAN16,80345,1.882437997957223,,
ZSCAN9,7746,1.680724548715283,,
ZWILCH,55055,1.4069352061947034,,
