A - HGNC,B - Gene ID,C - UniProtID,D - Protein abundance 24 hours after infection vs mock control,E - Protein abundance 48 hours after infection vs mock control,"F - siRNA Screen Average Zscore (the higher the score, the stronger the negative effect on viral replication)",G - mRNA expression 24 hours after infection (log2FC_24hpi),H - mRNA expression 48 hours after infection (log2FC_48hpi),I - Dengue viral protein interacting with host protein,J - dengue_MiST_list
ZWILCH,55055,Q9H900,,,1.406935206,,,ZIKVfp NS4A,0.647205918
ZSCAN9,7746,O15535,,,1.680724549,,,,
ZSCAN16,80345,Q9H4T2,,,1.882437998,,,,
ZSCAN10,84891,Q96SZ4,,,1.498169094,,,,
ZNRF3,84133,Q9ULT6,,,1.363027892,,,,
ZNF846,162993,Q147U1,,,1.681527509,,,,
ZNF830,91603,Q96NB3,,,1.277953815,,,,
ZNF724,440519,,,,,,-2.465181913,,
ZNF711,7552,Q9Y462,,,,,-2.128946405,,
ZNF708,7562,P17019,,,1.52776384,,,,
ZNF704,619279,Q6ZNC4,,,1.356330411,,,,
ZNF702P,79986,,,,,,3.298257767,,
ZNF623,9831,O75123,,,,,-6.412347441,,
ZNF618,114991,Q5T7W0,,,,2.220139126,2.580671627,,
ZNF608,57507,Q9ULD9,,,1.222805245,,,,
ZNF594,84622,Q96JF6,,,,,-4.348260478,,
ZNF580,51157,Q9UK33,,,,,3.849240043,,
ZNF567,163081,Q8N184,,,1.699751791,,,,
ZNF565,147929,Q8N9K5,,,1.279754307,,,,
ZNF560,147741,Q96MR9,,,1.371358274,,,,
ZNF529,57711,Q6P280,,,1.949122983,,,,
ZNF512,84450,Q96ME7,,,1.414001777,,,"ZIKVfp Capsid,ZIKVug Capsid","0.639467156,0.645897806"
ZNF510,22869,Q9Y2H8,,,1.32352704,,,,
ZNF491,126069,Q8N8L2,,,1.116831763,,,,
ZNF490,57474,Q9ULM2,,,1.324101359,,,,
ZNF41,7592,P51814,,,,,2.012944215,,
ZNF408,79797,Q9H9D4,,,,-2.267611294,,,
ZNF354C,30832,Q86Y25,,,1.222872598,,,,
ZNF300P1,134466,,,,,,2.847879043,,
ZNF235,9310,Q14590,,,1.199703141,,,,
ZNF226,7769,Q9NYT6,,,1.362888971,,,,
ZNF212,7988,Q9UDV6,,,2.235643441,,,,
ZNF175,7728,Q9Y473,,,,,2.469280666,,
ZNF107,51427,Q9UII5,,,,,2.199306174,,
ZMYND15,84225,Q9H091,,,1.302149751,,,,
ZKSCAN3,80317,Q9BRR0,,,1.652508946,,,,
ZIK1,284307,Q3SY52,,,,2.174864059,,,
ZGPAT,84619,Q8N5A5,,,,2.44206836,,,
ZFYVE9,9372,O95405,,,1.38438038,,,,
ZFP36L2,678,P47974,,,,-2.148474677,,,
ZFP3,124961,Q96NJ6,,,,3.636198564,,,
ZEB2,9839,O60315,,,1.201469889,,,,
ZC3HAV1,56829,Q7Z2W4,,,,,2.214460226,"DENV2 16681 Capsid,DENV2 16681 Capsid Anchor","0.747569913395302,0.656680860027324"
ZC3H18,124245,Q86VM9,,,1.137189513,,,ZIKVfp NS5,0.619181658
ZBTB8A,653121,Q96BR9,,,1.803124229,-2.194689659,,,
ZBTB39,9880,O15060,,,,-2.249347702,,,
ZBTB3,79842,,,,1.328586565,,,,
ZBP1,81030,Q9H171,,,,7.415695975,7.994080836,,
ZBED4,9889,O75132,,,1.601351556,,,,
ZBED3,84327,Q96IU2,,,1.961540764,,,,
YWHAZP3,143371,,,,,,-5.982037438,,
YWHAZ,7534,P63104,,,1.117544038,,,,
YWHAH,7533,Q04917,,,,,3.148170727,,
YPEL4,219539,Q96NS1,,,1.801291498,,,,
YPEL2,388403,Q96QA6,,,1.3248204,,,,
YJEFN3,374887,A6XGL0,,,1.451950834,,,,
YIPF4,84272,Q9BSR8,,,1.492981803,,,,
YARS1,8565,P54577,,,1.27088285,,,,
XRN1,54464,Q8IZH2,,1.832641085,,,2.243886852,,
XCR1,2829,P46094,,,1.667205848,,,,
XBP1,7494,P17861,,,,,2.192241457,,
XAF1,54739,Q6GPH4,,,,2.578135291,3.786337991,,
XAB2,56949,Q9HCS7,,,1.47037704,,,DENV2 16681 NS5,0.6474883703410562
WNT5B,81029,Q9H1J7,,,1.589909638,,,,
WNT5A,7474,P41221,,,,,3.400017725,,
WNT2,7472,P09544,,,1.425206242,,,,
WNT16,51384,Q9UBV4,,,1.145201644,,,,
WNK4,65266,Q96J92,,,1.409063514,,,,
WIPF1,7456,O43516,,,1.233937575,,,,
WIF1,11197,Q9Y5W5,,,1.269663963,,,,
WFS1,7466,O76024,,,,,-4.608783966,DENV2 16681 NS4B,0.7327325600678226
WFIKKN2,124857,Q8TEU8,,,1.274534697,,,,
WDR44,54521,Q5JSH3,,,1.50898343,,,,
WDR19,57728,Q8NEZ3,,,1.813609189,,,,
WDFY4,57705,Q6ZS81,,,1.215775279,,,,
WAKMAR2,100130476,,,,,,2.052040702,,
VWF,7450,P04275,,,,,-3.174815256,,
VWA7,80737,Q9Y334,,,1.250301326,,,,
VTI1B,10490,Q9UEU0,,,1.208293995,,,DENV2 16681 NS4A,0.8516372202821544
VSTM1,284415,Q6UX27,,,,,-4.074794607,,
VSIG10L,147645,Q86VR7,,,,,2.260143608,,
VPS54,51542,Q9P1Q0,,,1.947314129,,,,
VPS53,55275,Q5VIR6,,,1.10394582,,,,
VPS26C,10311,O14972,,,1.203850052,,,,
VNN1,8876,O95497,,,,,-2.225633387,,
VMO1,284013,Q7Z5L0,,,1.308182534,,,,
VLDLR,7436,P98155,,,,,-2.698020435,,
VIPR1,7433,P32241,,,1.373017766,,-3.097651057,,
VEPH1,79674,Q14D04,,,1.141934525,,,,
VCX2,51480,Q9H322,,,2.103446905,,,,
VCAM1,7412,P19320,,,,,2.339997895,,
UTP18,51096,Q9Y5J1,,,1.62089633,,,"DENV2 16681 NS5,ZIKVfp Capsid,ZIKVug Capsid","0.6127588957774268,0.781200319,0.78421291"
UTP14A,10813,Q9BVJ6,,,1.275346749,,,"DENV2 16681 Capsid,ZIKVfp Capsid","0.6340726385048174,0.639420094"
USP51,158880,Q70EK9,,,,,-2.530404193,,
USP44,84101,Q9H0E7,,,1.24480163,,,,
USP41P,373856,,,,,3.60559081,4.48649546,,
USP30-AS1,100131733,,,,,,2.843704244,,
USP18,11274,Q9UMW8,,,,3.75757904,4.914183423,,
USH1G,124590,Q495M9,,,1.192067591,,,,
USF3,205717,Q68DE3,,,1.446304773,,,,
URI1,8725,O94763,,,1.115899843,,,,
UQCRQ,27089,O14949,,,,,-2.174966501,DENV2 16681 NS4A,0.64893588042558
UQCRFS1P1,100128525,,,,,,-2.123453622,,
UPF3B,65109,Q9BZI7,,,1.258473024,,,,
UPB1,51733,Q9UBR1,,,,,4.852647478,,
UNC5C,8633,O95185,,,,,4.009262289,,
ULK3,25989,Q6PHR2,,,1.920299187,,,,
UGP2,7360,Q16851,,,1.30060677,,,,
UCP2,7351,P55851,,,,,-2.3477491,,
UCN,7349,P55089,,,1.435068633,,,,
UCHL5,51377,Q9Y5K5,1.258477297,,,,,,
UCHL1,7345,P09936,,-2.812635139,,,,,
UBXN7,26043,O94888,,-2.721373263,,,,,
UBTD1,80019,Q9HAC8,,,1.104849414,,,,
UBR4,23352,Q5T4S7,,,1.115231155,,,,
UBE2QL1,134111,A1L167,,,1.489264609,,,,
UBE2O,63893,Q9C0C9,1.145852987,,1.124495997,,,,
UBE2L6,9246,O14933,,2.504379703,,,,,
UBE2J1,51465,Q9Y385,,,1.659325194,,,,
UBD,10537,O15205,,,,,3.379379398,,
UBAP2,55833,Q5T6F2,,,1.300752681,,,,
TYMP,1890,P19971,,,,,2.000156273,,
TXNRD2,10587,Q9NNW7,2.496962686,,,,,,
TXNL4B,54957,Q9NX01,,,1.510638731,,,,
TXNDC12,51060,O95881,,,2.250792921,,,,
TUSC1,286319,Q2TAM9,,,,-2.03146195,,,
TULP2,7288,O00295,,,,2.933048917,3.566324135,,
TUBB2A,7280,Q13885,,,,,-2.342686646,,
TUBA3D,113457,P0DPH8,,,1.107820502,,,,
TTI2,80185,Q6NXR4,,,1.887892237,,,,
TTC5,91875,Q8N0Z6,,,2.573084988,,,,
TTC39A,22996,Q5SRH9,,,,,2.161724798,,
TSPYL5,85453,Q86VY4,,,,3.456797383,,,
TSPAN5,10098,P62079,,,1.154061219,,,,
TSPAN33,340348,Q86UF1,,,1.172037534,,,,
TSPAN15,23555,O95858,,,1.303064005,,,,
TSPAN10,83882,Q9H1Z9,,,1.759307206,,,,
TSNAX-DISC1,100303453,,,,,,5.09648459,,
TSKU,25987,Q8WUA8,,,1.190369125,,,,
TSHZ2,128553,Q9NRE2,,,1.367125728,,,,
TSGA10IP,254187,Q3SY00,,,1.200564394,,,,
TSEN15,116461,Q8WW01,,,1.458940607,,,,
TRNAU1AP,54952,Q9NX07,,,1.204857175,,,,
TRMT112,51504,Q9UI30,,,1.427854335,,,DENV2 16681 NS5,0.7254108864357698
TRMT10C,54931,Q7L0Y3,,,,,5.563049862,,
TRIR,79002,Q9BQ61,,,1.205628239,,,,
TRIP11,9321,Q15643,,,1.378049163,,,,
TRIM73,375593,Q86UV7,,,1.515252504,,,,
TRIM69,140691,Q86WT6,,,,,2.966759419,,
TRIM54,57159,Q9BYV2,,,,,-2.728444139,,
TRIM5,85363,Q9C035,,,,2.461762726,3.151971953,,
TRIM31,11074,Q9BZY9,,,,4.432883954,5.252081494,,
TRIM24,8805,O15164,,,1.459981891,,,,
TRIM22,10346,Q8IYM9,,,,2.654225418,2.912001278,,
TRIM21,6737,P19474,,,,,2.678713623,,
TRIB2,28951,Q92519,,,,2.835462333,2.666427897,,
TRIB1,10221,Q96RU8,,,,,-2.385038175,,
TRHR,7201,P34981,,,1.110405527,,,,
TRAPPC2L,51693,Q9UL33,,,,,-2.042776133,,
TRANK1,9881,O15050,,,,2.133498444,2.104421619,,
TRAFD1,10906,O14545,,,,,2.28318007,,
TRADD,8717,Q15628,,,,,2.095533107,,
TPM2,7169,P07951,,,,,-2.511331401,,
TP53I13,90313,Q8NBR0,,,,,-2.256178416,,
TOR1B,27348,O14657,,,,,2.536339897,,
TOMM70,9868,O94826,,,1.2824343,,,DENV2 16681 NS4A,0.771273943145989
TOMM34,10953,Q15785,,,1.395216731,,,,
TOB1,10140,P50616,,,1.73081389,,,,
TNKS1BP1,85456,Q9C0C2,,,1.368691027,,,DENV2 16681 NS2B3,0.6623194131664107
TNIP3,79931,Q96KP6,,,,5.081562335,10.90977375,,
TNFSF18,8995,Q9UNG2,,,,,4.79617696,,
TNFSF13B,10673,Q9Y275,,,,2.169117826,3.781879713,,
TNFSF10,8743,P50591,,,,5.849113775,6.16181457,,
TNFRSF9,3604,Q07011,,,,,3.497599893,,
TNFRSF21,27242,O75509,,,,,-2.131956787,,
TNFRSF12A,51330,Q9NP84,,,,-2.443426404,,,
TNFAIP6,7130,P98066,,,,3.265415604,6.266653842,,
TNF,7124,P01375,,,,2.492981672,5.088999092,,
TMTC1,83857,Q8IUR5,,,1.468799144,,,,
TMPRSS3,64699,P57727,,,1.45932811,,,,
TMPRSS13,84000,Q9BYE2,,,,,2.365315608,,
TMEM97,27346,Q5BJF2,,,,-4.252729969,,,
TMEM94,9772,Q12767,,,1.134475584,,,,
TMEM91,641649,Q6ZNR0,,,,,-2.263703494,,
TMEM69,51249,Q5SWH9,,,1.849096524,,,,
TMEM64,169200,Q6YI46,,,1.176285558,,,,
TMEM52B,120939,Q4KMG9,,,,2.987889,2.332640222,,
TMEM51,55092,Q9NW97,,,1.138676956,,,,
TMEM45B,120224,Q96B21,,,,,-2.415484508,,
TMEM44,93109,Q2T9K0,,,1.236212593,,,,
TMEM39B,55116,Q9GZU3,,,1.136206823,,,,
TMEM35A,59353,Q53FP2,,,1.455742352,,,,
TMEM33,55161,P57088,,,1.577756485,,,,
TMEM30B,161291,Q3MIR4,,,2.092291497,,,,
TMEM270,135886,Q6UE05,,,1.206763592,,,,
TMEM266,123591,Q2M3C6,,,1.691599915,,,,
TMEM237,65062,Q96Q45,,,1.440205453,,,,
TMEM229B,161145,Q8NBD8,,,,,3.33895645,,
TMEM212,389177,A6NML5,,,,3.746152544,6.423641863,,
TMEM201,199953,Q5SNT2,,,1.116452928,,,,
TMEM199,147007,Q8N511,,,1.580151146,,,,
TMEM187,8269,Q14656,,,,,-2.771355228,,
TMEM183BP,653659,,,,1.153258827,,,,
TMEM17,200728,Q86X19,,,1.605452388,,,,
TMEM150C,441027,B9EJG8,,,,,2.400739075,,
TMEM147-AS1,100506469,,,,,,-3.552335771,,
TMEM147,10430,Q9BVK8,,,1.270250325,,,,
TMEM139,135932,Q8IV31,,,,,2.518413791,,
TMEM126B,55863,Q8IUX1,,,1.309366001,,,,
TMED4,222068,Q7Z7H5,,,1.108231988,,,"DENV2 16681 NS4A,ZIKVfp NS4A,ZIKVug NS4A","0.6663707895383829,0.767444464,0.769756082"
TMCO3,55002,Q6UWJ1,,,1.523922569,,,,
TMC6,11322,Q7Z403,,,,,-2.835190351,,
TM9SF1,10548,O15321,,,1.107574927,,,,
TM4SF19-DYNLT2B,100534611,,,,,,-2.737752875,,
TM4SF19-AS1,100874214,,,,,,-2.422718293,,
TM4SF19,116211,Q96DZ7,,,,,-2.783795041,,
TLX1NB,100038246,,,,1.252502367,,,,
TLR8,51311,Q9NR97,,,,3.374184613,3.510536481,,
TLR3,7098,O15455,,,,2.417594074,3.912255257,,
TLE5,166,Q08117,,,1.220339092,,,,
TLCD1,116238,Q96CP7,,,1.108863166,,,,
TIMP4,7079,Q99727,,,1.156148675,,,,
TIE1,7075,P35590,,,,,-2.559491428,,
THEMIS,387357,Q8N1K5,,,1.287459144,,,,
THEM6,51337,Q8WUY1,,,1.369896832,,,DENV2 16681 NS4A,0.8373550136755934
THAP12P7,100422712,,,,,-3.82441284,-7.520187469,,
TGM2,7052,P21980,,,,,-2.568053898,,
TGIF2,60436,Q9GZN2,,,,,-2.849792495,,
TFPT,29844,P0C1Z6,,,1.301127282,,,,
TFPI2,7980,P48307,,,,,6.225043271,,
TEX55,152405,Q96M34,,,2.012505742,,,,
TEX264,51368,Q9Y6I9,,,1.436758336,,,,
TESPA1,9840,A2RU30,,,,,3.119979726,,
TENT5C,54855,Q5VWP2,,,,,2.482153359,,
TDRD9,122402,Q8NDG6,,,1.182273976,,-2.844318677,,
TDRD7,23424,Q8NHU6,,3.050368893,,2.269517374,2.622430248,,
TCP11L1,55346,Q9NUJ3,,,1.190355043,,,,
TCL6,27004,,,,1.351189393,,,,
TCEANC,170082,Q8N8B7,,,,,2.687802263,,
TBX21,30009,Q9UL17,,,1.288024422,,,,
TBX20,57057,Q9UMR3,,,1.413783442,,,,
TBK1,29110,Q9UHD2,,,1.690677128,,,,
TBCCD1,55171,Q9NVR7,,,1.457648595,,,,
TBC1D3B,414059,A6NDS4,,,1.370664185,,,,
TBC1D23,55773,Q9NUY8,,,1.306626483,,,,
TBC1D10C,374403,Q8IV04,,,,,-2.19695321,,
TAS2R9,50835,Q9NYW1,,,1.169100232,,,,
TAS2R16,50833,Q9NYV7,,,1.714324183,,,,
TARP,445347,A2JGV3,,,1.234508256,,,,
TAP2,6891,Q03519,,,,,3.131936802,,
TAP1,6890,Q03518,,1.254141695,,,3.190053689,,
TAOK3,51347,Q9H2K8,,,1.255493114,,,,
TANC1,85461,Q9C0D5,,,1.466205278,,,ZIKVug NS5,0.878418581
TAGAP,117289,Q8N103,,,,2.022785639,3.535010383,,
TAF7,6879,Q15545,,,,3.92788382,,,
TAF1D,79101,Q9H5J8,,,1.686150215,,,,
TADA3,10474,O75528,,,1.098675554,,,,
TACC3,10460,Q9Y6A5,,,1.419608238,,,,
TAC3,6866,Q9UHF0,,,,3.753710748,8.310820224,,
SZT2,23334,Q5T011,,,1.15870671,,,,
SYTL1,84958,Q8IYJ3,,,,,-2.591571538,,
SYT15,83849,Q9BQS2,,,1.613938539,2.006713704,2.211292078,,
SYT11,23208,Q9BT88,,,1.739297142,,,,
SYT1,6857,P21579,,,,,-3.643873032,,
SYNPO2,171024,Q9UMS6,,,1.122113528,,5.004197813,,
SYNPO,11346,Q8N3V7,,,,,3.342089521,,
SYNC,81493,Q9H7C4,,,1.284023306,,,,
SYCP2L,221711,Q5T4T6,,,1.609109154,,,,
SUPT3H,8464,O75486,,,1.505016946,,,,
SUMF2,25870,Q8NBJ7,,,1.555739637,,,,
SUDS3P1,285647,,,,,2.042546961,,,
STXBP1,6812,P61764,,,,,-2.007052174,ZIKVug NS4A,0.9109111
STX12,23673,Q86Y82,,,1.218370308,,,"ZIKVfp NS4A,ZIKVug NS4A","0.888381872,0.905758034"
STX11,8676,O75558,,,,3.763858866,2.791154298,,
STUM,375057,Q69YW2,,,1.165640793,,,,
STOX2,56977,Q9P2F5,,,1.269913361,,,,
STOX1,219736,Q6ZVD7,,,1.306122213,,,,
STOML1,9399,Q9UBI4,,,,2.463601542,3.269948489,,
STOM,2040,P27105,,1.878361517,,,2.083760291,"DENV2 16681 NS4A,ZIKVfp NS4A,ZIKVug NS4A","0.6701788613806507,0.862842401,0.883423103"
STK17A,9263,Q9UEE5,,,,,2.07631086,,
STEAP4,79689,Q687X5,,,,2.350003938,3.317246802,,
STATH,6779,P02808,,,1.110966252,,,,
STAT2,6773,P52630,,2.441895404,1.837156228,,2.356223959,"ZIKVfp NS5,ZIKVug NS5","0.896726313,0.785825669"
STAT1,6772,P42224,,2.708410504,,2.751635954,3.366775964,,
STAP1,26228,Q9ULZ2,,,,6.394815515,6.226942419,,
STAB1,23166,Q9NY15,,,,,-2.822945985,,
ST8SIA4,7903,Q92187,,,,,2.107063447,,
ST6GALNAC4,27090,Q9H4F1,,,1.198102077,,-2.027850923,,
ST6GALNAC3,256435,Q8NDV1,,,,,-2.755435914,,
ST3GAL3,6487,Q11203,,,1.97052226,,,,
SSPOP,23145,,,,1.34820491,,,,
SSB,6741,P05455,,,,,2.009418664,DENV2 16681 Capsid,0.607090191769066
SRSF8,10929,Q9BRL6,,,,,-3.919729596,ZIKVfp NS5,0.906325596
SRSF11,9295,Q05519,,,1.342903291,,,DENV2 16681 Capsid,0.6256565987716528
SRRM3,222183,,,,1.276579992,,,,
SRFBP1,153443,Q8NEF9,,,1.72464248,,,,
SPRR4,163778,Q96PI1,,,1.24569537,,,,
SPRR2B,6701,P35325,,,1.217511684,,,,
SPRING1,79794,Q9H741,,,,,-2.01415878,,
SPOPL,339745,Q6IQ16,,,1.2492457,,,,
SPON1,10418,Q9HCB6,,,,3.138299407,3.941877927,,
SPOCD1,90853,Q6ZMY3,,,,,-2.747572695,,
SPINDOC,144097,Q9BUA3,,,1.754906052,,,,
SPECC1,92521,Q5M775,,,1.339039681,,,,
SPATS2L,26010,Q9NUQ6,,0.664048158,,,,,
SPATC1L,84221,Q9H0A9,,,1.290393769,,,,
SPATC1,375686,Q76KD6,,,1.106705262,,,,
SPATA31G1,138724,Q5VYM1,,,1.57667465,,,,
SPATA12,353324,Q7Z6I5,,,,-2.562906726,,,
SPARC,6678,P09486,,,,,-2.268423329,,
SPAG11A,653423,"['Q08648', 'Q6PDA7']",,,1.231745857,,,,
SPA17,53340,Q15506,,,2.145747855,,,,
SP140,11262,Q13342,,,,2.965999951,3.481205792,,
SP110,3431,Q9HB58,0.842989962,2.214229617,,2.758843792,3.157244417,,
SP100,6672,P23497,,1.528571932,,,,,
SOX13,9580,Q9UN79,,,1.203010471,,,,
SOWAHC,65124,Q53LP3,,,,-5.75033706,,,
SOD2,6648,P04179,,,,,3.105013551,,
SOD1,6647,P00441,,,1.445333318,,,,
SOCS2,8835,O14508,,,,,2.516615371,,
SOCS1,8651,O15524,,,,2.317312437,2.606520113,,
SNX25,83891,Q9H3E2,,,1.521554797,,,,
SNX20,124460,Q7Z614,,,1.392038935,,,,
SNX17,9784,Q15036,,,1.556514473,,,,
SNURF,8926,"['Q9Y675', 'P63162']",,,1.30839756,,,,
SNRNP35,11066,Q16560,,,1.42336012,,,,
SNRNP27,11017,Q8WVK2,,,1.247369325,,,,
SNRNP25,79622,Q9BV90,,,,,-2.594644621,,
SNORD94,692225,,,,,-5.249637352,,,
SNHG20,654434,,,,,,-3.058506884,,
SNED1,25992,Q8TER0,,,,,-2.239532488,,
SNCA,6622,P37840,,-2.165704026,,,,,
SMTNL1,219537,A8MU46,,,,2.561349979,3.267474135,,
SMTN,6525,P53814,,,1.222721728,,,,
SMIM19,114926,Q96E16,,,1.1125165,,,,
SMIM18,100507341,P0DKX4,,,,,2.092446129,,
SMIM13,221710,P0DJ93,,,1.1541416,,,,
SMCO2,341346,A6NFE2,,,,,3.159729595,,
SMAD6,4091,O43541,,,1.138153331,,,,
SLURP1,57152,P55000,,,1.408138049,,,,
SLFN12L,100506736,Q6IEE8,,,,4.786405789,5.545521292,,
SLFN12,55106,Q8IYM2,,,,,2.134900698,,
SLFN11,91607,Q7Z7L1,,,1.225621073,,,,
SLC9A3-AS1,100288152,,,,,,-2.023120879,,
SLC9A2,6549,Q9UBY0,,,,,-2.002158987,,
SLC7A13,157724,Q8TCU3,,,1.186116612,,,,
SLC5A3,6526,,,,1.242828821,,,,
SLC51B,123264,Q86UW2,,,1.114684521,,,,
SLC45A3,85414,Q96JT2,,,,,-2.607852432,,
SLC44A1,23446,Q8WWI5,,,1.743059119,,,ZIKVfp NS4A,0.777404805
SLC43A1,8501,O75387,,,,,-2.874015156,,
SLC39A8,64116,Q9C0K1,,,,,2.083390607,,
SLC39A3,29985,Q9BRY0,,,,,-2.174472471,,
SLC38A5,92745,Q8WUX1,,,,4.854372125,7.169937763,,
SLC37A2,219855,Q8TED4,,,,,-2.944238258,,
SLC35F3,148641,Q8IY50,,,,,-4.889804633,,
SLC35E3,55508,Q7Z769,,,1.284479962,,,,
SLC35D2,11046,Q76EJ3,,,1.318781264,,,,
SLC35B2,347734,Q8TB61,,,1.658906063,,,"ZIKVfp NS4A,ZIKVug NS4A","0.90880547,0.767999012"
SLC32A1,140679,Q9H598,,,1.328392575,,,,
SLC30A9,10463,Q6PML9,,,1.537637525,,,,
SLC30A4,7782,O14863,,,,,2.363656495,,
SLC30A3,7781,Q99726,,,,,-2.302540774,,
SLC30A1,7779,Q9Y6M5,-2.114594111,,,,-2.60444152,,
SLC2A4RG,56731,Q9NR83,,,1.217186492,,-2.061515288,,
SLC2A12,154091,Q8TD20,,,1.263991648,,2.669389496,,
SLC25A21,89874,Q9BQT8,,,1.210933296,,,,
SLC25A17,10478,O43808,,,1.413230631,,,,
SLC24A4,123041,Q8NFF2,,,,,-2.684548779,,
SLC22A13,9390,Q9Y226,,,1.226793839,,,,
SLC19A1,6573,P41440,,,,,-2.582931123,,
SLC18B1,116843,Q6NT16,,,,2.398612782,,,
SLC16A7,9194,O60669,,,,,-3.111008761,,
SLC16A12,387700,Q6ZSM3,,,,7.800128375,7.356990346,,
SLC16A10,117247,Q8TF71,,,,,-2.007798958,,
SLC13A5,284111,Q86YT5,,,,-4.317471221,,,
SLC10A6,345274,Q3KNW5,,,1.163366239,,,,
SLBP,7884,Q14493,,,1.106707898,,,,
SLAMF7,57823,Q9NQ25,,1.171972565,,,,,
SKA3,221150,Q8IX90,,,1.523712951,,,,
SKA2,348235,Q8WVK7,,,1.428688046,,,,
SIRT2,22933,Q8IXJ6,,,1.643920944,,,,
SIRPA,140885,P78324,,,1.165752938,,,,
SIMC1,375484,Q8NDZ2,,,1.499881514,,,,
SIMALR,105378020,,,,,4.053662304,7.64752147,,
SIM2,6493,Q14190,,,1.457969057,,,,
SIGLEC8,27181,Q9NYZ4,,,1.249233836,,,,
SIGLEC1,6614,Q9BZZ2,,2.605906967,,3.100289914,4.86516456,,
SIGIRR,59307,Q6IA17,,,,,-2.229678441,,
SIDT1,54847,Q9NXL6,,,,2.062571092,,,
SHISA4,149345,Q96DD7,,,1.940671799,,,,
SHC3,53358,Q92529,,,1.614872477,,,,
SHANK3,85358,,,,1.38850419,,,,
SH3GL1,6455,Q99961,,,2.105077708,,,,
SH2D3C,10044,Q8N5H7,,,1.097480872,,,,
SH2D1B,117157,O14796,,,,5.521621794,5.713500707,,
SGPP2,130367,Q8IWX5,,,,,2.584833185,,
SGIP1,84251,Q9BQI5,,,,6.243304299,6.488245741,,
SFXN2,118980,Q96NB2,,,,,-2.66473814,DENV2 16681 NS4A,0.7750246880766312
SFTPC,6440,P11686,,,1.329811074,,,,
SFT2D3,84826,Q587I9,,,2.255091343,,,"ZIKVfp NS4A,ZIKVug NS4A","0.919758683,0.911875807"
SFT2D2,375035,O95562,,,1.110175408,,,,
SFMBT1,51460,Q9UHJ3,,,1.395175285,,,,
SETD7,80854,Q8WTS6,,,1.095402015,,,,
SERTAD2,9792,Q14140,,,,,-3.095841914,,
SERPINH1,871,P50454,,1.071614534,,,,,
SERPING1,710,P05155,,,1.996975127,3.883687105,4.566919268,,
SERPINB9P1,221756,,,,,2.279284295,2.169188484,,
SERPINB9,5272,P50453,,,,,2.308581029,,
SERPINB10,5273,P48595,,,,,6.206161192,,
SERPINA11,256394,Q86U17,,,1.482477688,,,,
SERINC2,347735,Q96SA4,,,,,-2.442486428,,
SEPTIN6,23157,Q14141,,,1.275196678,,,,
SEPTIN5,5413,Q99719,,,1.159873695,,-4.177445718,,
SEPSECS,51091,Q9HD40,,,1.911336132,,,,
SEMG1,6406,P04279,,,,,-2.19460735,,
SEMA4D,10507,Q92854,,,,,2.186708331,,
SEMA4A,64218,Q9H3S1,,,,,2.226449364,,
SEMA3F-AS1,100129060,,,,,-2.167094811,,,
SEMA3F,6405,Q13275,,,1.53459852,,,,
SEMA3D,223117,O95025,,,,4.448537723,7.837903065,,
SEMA3A,10371,Q14563,,,,,2.38694679,,
SELP,6403,P16109,,,1.399738844,,,,
SELL,6402,P14151,,,1.679954597,2.117799781,3.531265975,,
SELENON,57190,Q9NZV5,,,,,-2.228475474,,
SECTM1,6398,Q8WVN6,,,,3.853388104,4.387917821,,
SEC24B,10427,O95487,,,1.126247238,,,,
SEC22C,9117,Q9BRL7,,,1.455542249,,,,
SDR9C7,121214,Q8NEX9,,,1.531087211,,,,
SDK1,221935,Q7Z5N4,,,,,-2.394525103,,
SDC2,6383,P34741,,,,,-2.09743789,,
SDC1,6382,P18827,,,,,-2.3182993,,
SCUBE2,57758,Q9NQ36,,,,,2.22564849,,
SCRN2,90507,Q96FV2,,,1.411063966,,,,
SCOC,60592,Q9UIL1,,,1.109655204,,,,
SCN3A,6328,Q9NY46,,,,3.900109198,7.675118804,,
SCLT1,132320,Q96NL6,,,,,2.062383488,,
SCIMP,388325,Q6UWF3,,,,,2.998681647,,
SCGB2B2,284402,Q4G0G5,,,1.895502141,,,,
SCFD1,23256,Q8WVM8,,,1.398274351,,,DENV2 16681 NS4A,0.6199289165047328
SCD,6319,O00767,,,,,-2.330454681,,
SCART1,619207,,,,,,2.439916843,,
SCAMP2,10066,O15127,,,1.213920734,,,,
SCAMP1-AS1,728769,,,,,3.591078355,,,
SCAF11,9169,Q99590,,,1.490623933,,,,
SBF1,6305,O95248,,,,,-2.139829732,,
SBDS,51119,Q9Y3A5,,,1.300042977,,,,
SAXO4,220004,Q7Z5V6,,,2.055226564,,,,
SAT1,6303,P21673,,,,,2.018326076,,
SAR1A,56681,Q9NR31,,,1.750373701,,,,
SAMSN1,64092,Q9NSI8,,,,,2.109494745,,
SAMD9L,219285,Q8IVG5,1.172951102,1.858370323,,2.920303469,4.517262664,,
SAMD9,54809,Q5K651,,1.653304209,,,5.097999371,,
SAMD4A,23034,Q9UPU9,,,,2.056018972,,,
SAMD11,148398,Q96NU1,,,,,-4.801134221,,
SAFB2,9667,Q14151,,,1.293418992,,,,
SAAL1,113174,Q96ER3,,,1.655344809,,,DENV2 16681 Capsid Anchor,0.6942496304818014
S1PR1,1901,P21453,,,,2.795488067,,,
S100A9,6280,P06702,,,1.366987484,,-2.263715591,,
S100A4,6275,P26447,,,,,-2.178198447,,
S100A10,6281,P60903,,,1.566411822,,,,
RXFP1,59350,Q9HBX9,,,,5.477938147,4.811051188,,
RUNX3,864,Q13761,,,,,2.3785283,,
RUFY4,285180,Q6ZNE9,,,,,2.210328439,,
RUBCNL,80183,Q9H714,,,,,-2.181753125,,
RTP4,64108,Q96DX8,,,,,4.590393751,,
RTP2,344892,Q5QGT7,,,1.536381585,,,,
RTL9,57529,Q8NET4,,,,,4.387507306,,
RSAD2,91543,Q8WXG1,,,,6.689114369,9.149451093,,
RRAGB,10325,Q5VZM2,,,1.645767617,,,,
RPUSD1,113000,Q9UJJ7,,,,,-2.09766017,,
RPSAP9,653162,,,,,,-2.307021165,,
RPSAP54,642641,,,,,,-3.531182179,,
RPS6KA1,6195,Q15418,,,1.400348357,,,,
RPS4X,6191,P62701,,,1.178241286,,,,
RPS2P55,286444,,,,,,-4.771751465,,
RPS26P47,400156,,,,,-5.343940271,,,
RPRML,388394,Q8N4K4,,,1.993579104,,,,
RPL7AP66,388474,,,,,-7.71216927,-2.524500957,,
RPL7A,6130,P62424,,,1.810023097,,,,
RPL23AP42,647099,,,,,,-2.323002205,,
RPL15P3,653232,,,,,7.790947759,7.746835595,,
RPL13A,23521,P40429,,,1.896063522,,,,
RPL13,6137,P26373,,,,,-2.088141636,,
RPA4,29935,Q13156,,,1.282072571,,,,
ROR1,4919,Q01973,,,,,-2.00290432,,
RNU1-3,26869,,,,,,3.809248256,,
RNPS1,10921,Q15287,,,1.459266675,,,,
RNLS,55328,Q5VYX0,,,1.167627424,,,,
RNF43,54894,Q68DV7,,,,,4.430766287,,
RNF215,200312,Q9Y6U7,,,1.534758457,,,,
RNF213-AS1,100294362,,,,,4.731135005,2.747525971,,
RNF213,57674,Q63HN8,,1.577665674,,2.240977259,,,
RNF19B,127544,Q6ZMZ0,,,,,2.582123476,,
RNF152,220441,Q8N8N0,,,,,2.359846146,,
RNF135,84282,Q8IUD6,,,1.402700348,,,,
RNF126,55658,Q9BV68,,-0.675007177,,,,,
RNF125,54941,Q96EQ8,,,,,-2.875654669,,
RND3,390,P61587,,,,,3.331209877,,
RNASE13,440163,Q5GAN3,,,1.366228357,,,,
RNASE11,122651,Q8TAA1,,,1.589217103,,,,
RN7SL4P,6030,,,,,7.21547792,,,
RN7SL3,378707,,,,,-3.119142966,-5.12379576,,
RN7SKP80,106479130,,,,,5.586726913,,,
RMI2,116028,Q96E14,,,,,3.74841586,,
RMDN2,151393,Q96LZ7,,,1.432615253,,,,
RIPK2,8767,O43353,,,,,2.124985127,,
RINL,126432,Q6ZS11,,,1.661204937,,,,
RING1,6015,Q06587,1.150034561,0.891145679,,,,,
RIMS2,9699,Q9UQ26,,,,,3.403039403,,
RIGI,23586,O95786,3.020813326,4.380299408,,4.542907458,4.700066736,,
RHPN2,85415,Q8IUC4,,,1.358525603,,,,
RHOBTB3,22836,O94955,,,1.315925177,,,,
RHOBTB2,23221,Q9BYZ6,,,1.896798485,,,,
RHEBL1,121268,Q8TAI7,,,,,3.089707343,,
RHBDF1,64285,Q96CC6,,,1.146168833,,-2.481160298,,
RHBDD2,57414,Q6NTF9,,,1.146700069,,,,
RGS9,8787,O75916,,,,,6.117057621,,
RGS22,26166,Q8NE09,,,1.39263524,,,,
RGS19,10287,P49795,,,,-3.46569288,,,
RGS18,64407,Q9NS28,,,,,-2.350365681,,
RGS16,6004,O15492,,,,,-2.675565431,,
RGS14,10636,O43566,,,,,-2.211517197,,
RGL4,266747,Q8IZJ4,,,1.112018823,,,,
RGL1,23179,Q9NZL6,,,1.244815501,,2.199537436,,
RGCC,28984,Q9H4X1,,-1.448225267,,,,,
RFLNB,359845,Q8N5W9,,,,,-2.149882131,,
RERGL,79785,Q9H628,,,1.137422376,,,,
RERG,85004,Q96A58,,,1.540908438,,,,
REC114,283677,Q7Z4M0,,,1.936043209,,,,
RCL1,10171,Q9Y2P8,,,1.184638122,,,ZIKVfp Capsid,0.679818162
RCE1,9986,Q9Y256,,,1.151541239,,,,
RBPMS2,348093,Q6ZRY4,,,1.42554161,,,,
RBMY1E,378950,A6NEQ0,,,1.272885076,,,,
RBMY1B,378948,A6NDE4,,,1.123203052,,,,
RBMS2,5939,Q15434,,,,2.268375981,,,
RBM22,55696,Q9NW64,,,1.177563305,,,,
RBM15B,29890,Q8NDT2,,,1.258605818,,,,
RASSF7,8045,Q02833,,,1.462824999,,-2.06135628,,
RASSF5,83593,Q8WWW0,,,1.870598395,,,,
RASIP1,54922,Q5U651,,,1.365305829,,,,
RASAL1,8437,O95294,,,,,-2.307805031,,
RAPGEFL1,51195,Q9UHV5,,,1.234129869,,,,
RAP1GAP,5909,P47736,,,,,-2.178465848,,
RANBP3L,202151,Q86VV4,,,1.259171857,7.063673884,9.733418682,,
RANBP3,8498,Q9H6Z4,,,1.098890225,,,,
RAMP1,10267,O60894,,,1.182200766,,,,
RAMACL,353267,,,,,,6.283978711,,
RALBP1,10928,Q15311,,,1.911005938,,,,
RAI14,26064,Q9P0K7,,,,,-2.035508158,,
RADX,55086,Q6NSI4,,,,,-2.105654827,,
RAD54B,25788,"['Q9Y620', 'O95073']",,,1.571380748,,,,
RAD17P2,9206,,,,,,2.032203123,,
RABGAP1L-IT1,106480742,,,,,3.63447763,4.341430146,,
RABGAP1L-AS1,101928696,,,,,2.437151229,2.745659467,,
RABEPK,10244,Q7Z6M1,,,1.218941397,,,,
RAB9A,9367,P51151,,,1.142795213,,,,
RAB5B,5869,P61020,-1.361548243,-1.906787897,,,,,
RAB43,339122,Q86YS6,1.346686195,,,,,,
RAB40C,57799,Q96S21,,,1.8043773,,,,
RAB3D,9545,O95716,,,,-2.561678762,-2.024029039,,
RAB39B,116442,Q96DA2,,,,,2.060652337,,
RAB39A,54734,Q14964,,,,,3.272293528,,
RAB1AP1,100420571,,,,,3.167019589,4.619818839,,
RAB11FIP5,26056,Q9BXF6,,,1.168631678,,,,
R3HDM4,91300,Q96D70,,,1.46401119,,,,
QKI,9444,Q96PU8,,,1.695720073,,,,
PYY,5697,P10082,,,1.8392058,,,,
PYDC2,152138,Q56P42,,,1.375593125,,,,
PXT1,222659,Q8NFP0,,,,,2.068220522,,
PWP2,5822,Q15269,,,1.218332557,,,,
PUS7L,83448,Q9H0K6,,,1.559349348,,,,
PTPRF,5792,P10586,,,1.362029968,,,,
PTPRD,5789,P23468,,,1.208276089,,,,
PTPN7,5778,P35236,,,1.552685418,,,,
PTPN13,5783,Q12923,,,,,-2.107542067,,
PTOV1,53635,Q86YD1,,,,,-2.106726906,,
PTMS,5763,P20962,,,1.319067442,,,,
PTGS2,5743,P35354,,,,4.043193308,5.473799111,,
PTGFRN,5738,Q9P2B2,,,1.322915924,,,,
PTGES3L-AARSD1,100885850,Q9BTE6,,,,5.224656279,,,
PTGER3,5733,P43115,,,,,5.20664375,,
PTGDR2,11251,Q9Y5Y4,,,1.131184964,,,,
PTDSS2,81490,Q9BVG9,,,1.388348075,,,,
PTCHD4,442213,Q6ZW05,,,2.092970099,,,,
PTCHD1,139411,Q96NR3,,,,,7.719531993,,
PSORS1C1,170679,Q9UIG5,,,1.120093499,,,,
PSMF1,9491,Q92530,,,1.388241036,,,,
PSME2,5721,Q9UL46,,,,,2.290147101,DENV2 16681 NS2A,0.779577152307637
PSMD6,9861,Q15008,,,2.072300563,,,,
PSMC2P1,729674,,,,,,-2.914223154,,
PSMC2,5701,P35998,,,1.495251305,,,,
PSMB9,5698,P28065,,,,2.242619031,2.504072834,,
PSG3,5671,Q16557,,,2.256097919,,,,
PSG11,5680,Q9UQ72,,,1.109903113,,,,
PSD4,23550,Q8NDX1,0.653926188,0.814482558,,,,,
PSAT1,29968,Q9Y617,,,,,-2.299177533,,
PRXL2C,195827,Q7RTV5,,,1.171820493,,,,
PRXL2A,84293,Q9BRX8,,,,,-2.104367706,,
PRX,57716,Q9BXM0,,,1.171226888,,,,
PRSS55,203074,Q6UWB4,,,1.501173111,,,,
PRSS23,11098,O95084,,,,,3.102986075,,
PRRG2,5639,O14669,,,1.262737364,,,,
PRR34,55267,,,,1.174279369,,,,
PRR21,643905,,,,1.957958478,,,,
PRR14L,253143,Q5THK1,,,1.405791475,,,,
PROX1,5629,Q92786,,,1.523551357,,,,
PRNP,5621,"['P04156', 'F7VJQ1']",,,,-4.43818478,,,
PRMT5,10419,O14744,,,1.102262087,,,,
PRLR,5618,P16471,,,,2.848986638,3.446810824,,
PRKCI,5584,P41743,,,1.255552638,,,,
PRKCB,5579,P05771,,,,,-2.082448195,,
PRKACA,5566,P17612,2.336694091,,,,,,
PRKAA1,5562,Q13131,,-2.160761917,,,,,
PRICKLE1,144165,Q96MT3,,,,2.003919592,2.937186738,,
PRG4,10216,Q92954,,,1.341840268,,,,
PRDX6,9588,P30041,,,1.516554582,,,,
PRDX2,7001,P32119,,,,,-2.395531688,,
PRDM8,56978,Q9NQV8,,,,,2.192512003,,
PRDM4,11108,Q9UKN5,,,1.347228112,,,,
PRDM11,56981,Q9NQV5,,,1.89490336,,,,
PRAMEF10,343071,O60809,,,1.150642878,,,,
PRAME,23532,P78395,,,,,5.563697309,,
PRAM1,84106,Q96QH2,,,,,-2.317533214,,
PRAL,109245082,,,,,4.106739691,9.601909938,,
PRADC1,84279,Q9BSG0,,,,,-2.808948081,,
PPT2,9374,Q9UMR5,,,1.271098731,,,,
PPP2R2A,5520,P63151,,,1.401996677,,,ZIKVug NS3,0.667669055
PPP1R27,116729,Q86WC6,,,1.592763403,,,,
PPP1R17,10842,O96001,,,,,-3.958949972,,
PPP1R14A,94274,Q96A00,1.624327066,,,,,,
PPP1R12A,4659,O14974,,,1.265323161,,,,
PPM1M,132160,Q96MI6,,,1.236578083,,,,
PPM1K-DT,105369192,,,,,3.765969579,7.156340564,,
PPM1K,152926,Q8N3J5,,,,3.179653656,3.920554715,,
PPM1J,333926,Q5JR12,,,,,-2.113131877,,
PPIF,10105,P30405,,,1.300646595,,,,
PPA1,5464,Q15181,,,,,2.854237652,,
POU2AF1,5450,Q16633,,,1.801015384,,,,
POMGNT1,55624,Q8WZA1,,,1.57812809,,,,
POLR3D,661,P05423,,,1.111534484,,,,
POLR2C,5432,P19387,,,1.491323389,,,DENV2 16681 NS3,0.6542542904126485
POLH,5429,Q9Y253,,,2.004544436,,,,
POLD4,57804,Q9HCU8,,,1.614374331,,,,
PNPT1,87178,Q8TCS8,,,,2.984526336,3.861456462,,
PNPLA7,375775,Q6ZV29,,,,,-2.251058742,,
PNPLA5,150379,Q7Z6Z6,,,1.175351068,,,,
PNPLA3,80339,Q9NST1,,,,,-3.840301617,,
PNP,4860,P00491,,,1.914250057,,,,
PNMA8B,57469,Q9ULN7,,,1.49364844,,,,
PML,5371,P29590,,1.80977867,,,,,
PMCH,5367,P20382,,,1.140775915,,,,
PMAIP1,5366,Q13794,,,,,4.488983105,,
PLXNA2,5362,O75051,,,,,-2.43098521,,
PLSCR2,57047,Q9NRY7,,,,4.695664949,6.079182113,,
PLSCR1,5359,O15162,,,,3.395658382,4.258726505,,
PLS3,5358,P13797,,,,,4.617455053,,
PLS1,5357,Q14651,,,1.265899264,,-2.106687048,,
PLPPR2,64748,Q96GM1,,,1.107080702,,-2.088948202,,
PLPBP,11212,O94903,,,1.541800885,,,,
PLOD3,8985,O60568,,,1.418043236,,,,
PLK4,10733,O00444,,,1.141512283,,,,
PLK1,5347,P53350,,,,,-2.164217316,,
PLEKHH1,57475,Q9ULM0,,,,,2.028946846,,
PLEKHA8P1,51054,,,,1.65173518,,,,
PLEKHA4,57664,Q9H4M7,,,,5.659858439,6.239419622,,
PLEK,5341,P08567,,,1.320607251,,,,
PLCXD2,257068,Q0VAA5,,,1.308482762,,,,
PLCB4,5332,Q15147,,,,5.02908603,7.894256807,,
PLBD2,196463,Q8NHP8,,,1.237774293,,,,
PLBD1,79887,Q6P4A8,,,1.29950909,,,,
PLAAT4,5920,Q9UL19,,,,,3.607417372,,
PLAAT3,11145,P53816,,,1.109943207,,4.131472542,,
PLAAT2,54979,Q9NWW9,,,,,6.054422663,,
PLA1A,51365,Q53H76,,,,,4.076753956,,
PKNOX2,63876,,,,1.117531788,,,,
PKIA,5569,P61925,,,,,-2.349821749,,
PKD1L2,114780,Q7Z442,,,1.097940508,,,,
PITPNM3,83394,Q9BZ71,,,,-2.441698883,,,
PIP5KL1,138429,Q5T9C9,,,1.321291169,,,,
PIMREG,54478,Q9BSJ6,,,1.14498,,,,
PIK3R3,8503,Q92569,,,1.424903938,,2.823420195,,
PIK3C3,5289,Q8NEB9,,-1.843942443,1.97742547,,,,
PIK3C2A,5286,O00443,,,1.469068803,,,,
PIH1D2,120379,Q8WWB5,,,,,2.714925166,,
PIH1D1,55011,Q9NWS0,,,1.562328692,,,,
PIGT,51604,Q969N2,,,1.310965569,,,DENV2 16681 NS4A,0.6005190895018813
PIGM,93183,Q9H3S5,,,,,4.553544139,,
PIANP,196500,Q8IYJ0,,,2.012026224,,,,
PI4K2B,55300,Q8TCG2,,,,,2.002297122,,
PHKA1,5255,P46020,,,,,-2.228589505,,
PHGDH,26227,O43175,,,,,-2.244540512,,
PHF11,51131,Q9UIL8,,,,,2.235866702,,
PHEX,5251,P78562,,,1.258286115,,,,
PHACTR4,65979,Q8IZ21,,,,,2.02222272,,
PGPEP1,54858,Q9NXJ5,,,,,-2.011715149,,
PGLYRP3,114771,Q96LB9,,,1.208466695,,,,
PGBD5,79605,Q8N414,,,,,-2.399419629,,
PGAP1,80055,Q75T13,,,,3.079725966,2.79556286,,
PGAM5,192111,Q96HS1,,,1.4323566,,,,
PF4V1,5197,P10720,,,1.09501906,,,,
PEX16,9409,Q9Y5Y5,,,1.413488802,,,,
PER1,5187,O15534,,,1.443989914,,,,
PEMT,10400,Q9UBM1,,,,,-2.090908044,,
PELO,53918,Q9BRX2,,,1.340402049,,,,
PEDS1,387521,A5PLL7,,,1.278450585,,,,
PEBP1,5037,P30086,,,1.158331345,,,,
PDZRN4,29951,Q6ZMN7,,,1.438217468,,,,
PDZK1IP1,10158,Q13113,,,1.253764548,,,,
PDXDC1,23042,Q6P996,,-2.897919584,,,,,
PDK4,5166,Q16654,,,,,-2.366928316,,
PDGFRL,5157,Q15198,,,,4.106404032,5.634888339,,
PDGFRA,5156,P16234,,,1.766367547,,,,
PDE9A,5152,O76083,,,2.075250649,,,,
PDE6D,5147,O43924,,,1.662067801,,,,
PDE4B-AS1,101927139,,,,,6.587257008,7.335466066,,
PDE4B,5142,Q07343,,,,2.141435166,4.903709361,,
PDE2A,5138,O00408,,,1.148751171,,,,
PDCD1LG2,80380,Q9BQ51,,,,,2.159011275,,
PDAP1,11333,Q13442,,,1.623396558,,,,
PCSK6,5046,P29122,,,,,-3.466198464,,
PCSK1N,27344,Q9UHG2,,,1.602043529,,,,
PCED1B-AS1,100233209,,,,,,-2.089994607,,
PCED1A,64773,Q9H1Q7,,,1.484992284,,,,
PCDHGA12,26025,O60330,,,1.856180762,,,,
PCDHB4,56131,Q9Y5E5,,,1.738764474,,,,
PCDHB14,56122,Q9Y5E9,,,2.12190044,,,,
PCDHB1,29930,Q9Y5F3,,,1.105378054,,,,
PCDHA9,9752,Q9Y5H5,,,1.566239366,,,,
PCDHA6,56142,Q9UN73,,,1.149410926,,,,
PCDH9,5101,Q9HC56,,,,,2.077927523,,
PCDH1,5097,Q08174,,,1.435292486,,-3.045948429,,
PCBP4,57060,P57723,,,,-3.18293496,,,
PCARE,388939,A6NGG8,,,,,-4.888237275,,
PC,5091,P11498,,,,,-2.954811735,,
PAXX,286257,Q9BUH6,,,1.172986758,,,,
PAX5,5079,Q02548,,,,3.467993562,5.836471122,,
PARP9,83666,Q8IXQ6,0.971403167,2.34950984,,2.713607266,3.685007573,,
PARP15,165631,Q460N3,,,,2.400936859,3.363580765,,
PARP14,54625,Q460N5,,2.689508851,,2.915364883,3.581373649,,
PARP11-AS1,105369609,,,,,,2.365017738,,
PARP10,84875,Q53GL7,,1.829224207,,,,,
PAQR5,54852,Q9NXK6,,,,,-3.03582561,,
PAQR4,124222,Q8N4S7,,,,-4.798066654,,ZIKVug NS4A,0.790488199
PANK1,53354,Q8TE04,,,1.675400916,,,,
PAK2,5062,Q13177,,,1.548305209,,,,
PAK1IP1,55003,Q9NWT1,,,1.119468056,,,DENV2 16681 NS5,0.657301746404083
PAGR1,79447,Q9BTK6,,,,,-2.500613706,,
PADI6,353238,Q6TGC4,,,1.516758673,,,,
PACS2,23241,Q86VP3,-1.582585897,,,,,,
PABPN1,8106,Q86U42,,,2.128095254,,,,
PABIR3,159091,Q6P4D5,,,,,2.48762753,,
P3H2,55214,Q8IVL5,,,,,5.929485513,,
P2RY6,5031,Q15077,,,,2.626992819,,,
OVGP1,5016,Q12889,,,,-2.286492401,,,
OTOP1,133060,Q7RTM1,,,1.118030074,,,,
OTOF,9381,Q9HC10,,,,4.359145326,5.586883983,,
OTC,5009,P00480,,,2.044813044,,,,
OSR2,116039,Q8N2R0,,,,5.188367621,6.565921098,,
OSM,5008,P13725,,,,,2.498166918,,
OSCAR,126014,Q8IYS5,,,1.909514033,,,,
OSBP,5007,P22059,,,1.358957126,,,,
OR8U8,504189,,,,1.125692116,,,,
OR7A5,26659,Q15622,,,1.095283685,,,,
OR7A17,26333,O14581,,,1.594261254,,,,
OR6C1,390321,Q96RD1,,,1.570297092,,,,
OR6A2,8590,O95222,,,1.247313706,,,,
OR5L1,219437,Q8NGL2,,,1.200485145,,,,
OR52K2,119774,Q8NGK3,,,1.162804461,,,,
OR52I2,143502,Q8NH67,,,1.517407927,,,,
OR52B6,340980,Q8NGF0,,,1.142218718,,,,
OR52B4,143496,Q8NGK2,,,1.13497082,,,,
OR52B2,255725,Q96RD2,,,1.418186935,,,,
OR51A7,119687,Q8NH64,,,1.59741944,,,,
OR51A4,401666,Q8NGJ6,,,1.719636965,,,,
OR4P4,81300,Q8NGL7,,,1.542695573,,,,
OR4K2,390431,Q8NGD2,,,1.140307986,,,,
OR4K15,81127,Q8NH41,,,1.157115281,,,,
OR4D2,124538,P58180,,,1.266320748,,,,
OR2W1,26692,Q9Y3N9,,,1.411836406,,,,
OR2T12,127064,Q8NG77,,,1.224566154,,,,
OR2T11,127077,Q8NH01,,,1.556405533,,,,
OR2S2,56656,Q9NQN1,,,1.126858035,,,,
OR2D3,120775,Q8NGH3,,,1.153367036,,,,
OR1L1,26737,Q8NH94,,,1.193813644,,,,
OR1K1,392392,Q8NGR3,,,1.384146045,,,,
OR1D5,8386,P58170,,,1.553942934,,,,
OR12D3,81797,Q9UGF7,,,1.20495826,,,,
OR10K2,391107,Q6IF99,,,1.599604577,,,,
OR10A7,121364,Q8NGE5,,,1.488206687,,,,
OPTC,26254,Q9UBM4,,,1.404588523,,,,
OPRL1,4987,P41146,,,,,-2.555546524,,
OPLAH,26873,O14841,,,,,-3.299833312,,
OPCML,4978,Q14982,,,1.47539076,,,,
OLR1,4973,P78380,,,1.165506788,,,,
OLFML3,56944,Q9NRN5,,,,,2.287976074,,
OLFML2A,169611,Q68BL7,,,1.991335296,,,,
OFD1,8481,O75665,,,1.104448029,,,ZIKVug NS3,0.77506479
ODF2L,57489,Q9ULJ1,,,1.102699605,,,,
ODF2,4957,Q5BJF6,,,1.167219908,,,,
OBSCN,84033,Q5VST9,,,,,-2.656989275,,
OBP2A,29991,Q9NY56,,,1.486852628,,,,
OBI1,79596,Q5W0B1,,,1.225352665,,,DENV2 16681 NS3,0.6603006360420334
OASL,8638,Q15646,,2.916732074,,5.3621638,7.629658174,,
OAS3,4940,Q9Y6K5,,3.175544218,,2.954096888,3.525594648,,
OAS2,4939,P29728,,3.580865407,,3.509159777,4.783685157,,
OAS1,4938,P00973,2.309110681,2.327680098,,2.216717455,2.150507039,,
NXF3,56000,Q9H4D5,,,,,-2.131319381,,
NUS1P1,729148,,,,,6.798750261,,,
NUPR1,26471,O60356,,,1.125514672,,,,
NUP62CL,54830,Q9H1M0,,,1.100385392,,,,
NUP210L,91181,Q5VU65,,,1.379126334,,,,
NUP210,23225,Q8TEM1,,,,,-2.168942785,DENV2 16681 NS4B,0.7226701136886647
NUDT18,79873,Q6ZVK8,,,1.720411079,,,,
NUDT16L1,84309,Q9BRJ7,,,,,-2.704193843,,
NUDCD2,134492,Q8WVJ2,,,1.104116414,,,,
NUB1,51667,Q9Y5A7,,4.458123748,,,3.035419357,,
NTM,50863,Q9P121,,,1.230070572,,,,
NT5DC2,64943,Q9H857,,,,,-2.835869082,,
NT5C3AP1,90859,,,,,3.217212931,6.29600437,,
NT5C3A,51251,Q9H0P0,2.031440785,,,4.397701095,5.469384862,"ZIKVfp NS4A,ZIKVug NS4A","0.914155609,0.891848745"
NRN1L,123904,Q496H8,,,1.126154432,,,,
NRIR,104326052,,,,,3.430358921,6.468597074,,
NRIP1,8204,P48552,,,,,2.992187607,,
NRGN,4900,Q92686,,,,,-4.819612758,,
NRF1,4899,Q16656,,,1.522274992,,,,
NPPA,4878,P01160,,,1.739956833,,,,
NPM1P27,100422243,,,,,,-2.330787461,,
NPIPA1,9284,Q9UND3,,,1.521806283,,,,
NPC2,10577,P61916,,,1.565179302,,,,
NPAS3,64067,Q8IXF0,,,1.564615881,,,,
NOTCH2NLA,388677,Q7Z3S9,,,1.137208384,,,,
NORAD,647979,,,,,9.947374479,,,
NOD2,64127,Q9HC29,,,,,2.287088759,,
NMI,9111,Q13287,,,,2.39692261,3.144371049,,
NME9,347736,Q86XW9,,,1.208371249,,,,
NMBR,4829,P28336,,,1.374303434,,,,
NLRP3,114548,Q96P20,,,1.265578166,,,,
NLRP12,91662,P59046,,,,,-3.565044177,,
NLRP1,22861,Q9C000,,,1.131489349,,,,
NKD1,85407,Q969G9,,,,2.505231462,,,
NIPSNAP3B,55335,Q9BS92,,,1.228964696,,,,
NINL,22981,Q9Y2I6,,,,,-2.007797399,,
NGRN,51335,Q9NPE2,,,,-2.075990962,,,
NGDN,25983,Q8NEJ9,,,1.547455954,,,,
NFRKB,4798,Q6P4R8,,,1.206449875,,,,
NFKBIZ,64332,Q9BYH8,,,,2.450053152,4.078398855,,
NFKBIA,4792,P25963,,,,,2.201404016,,
NFKB1,4790,P19838,,,,,2.155972928,,
NFE2L3,9603,Q9Y4A8,,,,,2.379258106,,
NFATC2,4773,Q13469,,,,-2.440197177,,,
NFASC,23114,O94856,,,1.145558336,,,,
NEXN,91624,Q0ZGT2,,,1.33370646,2.764890114,4.214092339,,
NEUROG3,50674,Q9Y4Z2,,,1.26911496,,,,
NEUROD2,4761,Q15784,,,1.252164576,,,,
NEURL4,84461,Q96JN8,,,1.47984447,,,,
NEURL3,93082,Q96EH8,,,,3.716256818,4.890162048,,
NES,10763,P48681,,,,,-2.972837691,,
NEO1,4756,Q92859,,,1.184115682,,,,
NEMP1,23306,O14524,,,,,2.152090852,,
NELFCD,51497,Q8IXH7,,,1.291864746,,,,
NEDD9,4739,Q14511,,,1.768335081,,,,
NEDD1,121441,Q8NHV4,,,1.152650948,,,,
NECTIN3,25945,Q9NQS3,,,,3.285398661,4.438681082,,
NDUFAF6,137682,Q330K2,,,1.89899542,,,,
NDEL1,81565,Q9GZM8,,,1.341732813,,,,
NDC80,10403,O14777,,,,4.236269273,2.721007277,,
NCS1,23413,P62166,,,,,-2.619494791,,
NCOA1,8648,Q15788,,,1.350099543,,,,
NCF1C,654817,,,,,2.046302234,3.173937708,,
NCF1B,654816,,,,,2.043358543,3.298083571,,
NCF1,653361,P14598,,,,2.307107124,3.265272995,,
NCAPH,23397,Q15003,,,,,-3.437747556,,
NCAPG2,54892,Q86XI2,,,1.68185347,,,,
NBN,4683,O60934,,,,,2.539712266,,
NBL1,4681,P41271,,,1.241344031,,,,
NBEAL2,23218,Q6ZNJ1,-1.278896145,,,,,,
NAT8,9027,Q9UHE5,,,1.243954014,4.211057643,5.940362742,,
NAPSB,256236,,,,,,2.49076009,,
NAPB,63908,Q9H115,,,1.158382537,,,,
NAP1L1,4673,P55209,,,1.969758919,,,DENV2 16681 Capsid Anchor,0.6262607631135166
NAMPTP1,646309,,,,,,3.34214127,,
NAMPT,10135,P43490,,,,,2.356225153,,
NAGPA,51172,Q9UK23,,,1.459834022,,,,
NAE1,8883,Q13564,,,1.303119139,,,,
NACA2,342538,Q9H009,,,1.31107465,,,,
NAA80,24142,Q93015,,,1.124970611,,,,
N4BP2L1,90634,Q5TBK1,,,,,2.104926843,,
MYORG,57462,Q6NSJ0,,,1.249071214,,,,
MYOF,26509,Q9NZM1,,,1.194524498,,,,
MYO5A,4644,Q9Y4I1,,,2.055439953,,,,
MYO1A,4640,Q9UBC5,,,,2.670743343,5.431294813,,
MYL9,10398,P24844,,,,,-2.516867384,,
MYL3,4634,P08590,,,1.193717302,,,,
MYH4,4622,Q9Y623,,,1.397532399,,,,
MYH1,4619,P12882,,,1.960223472,,,,
MYDGF,56005,Q969H8,,,1.490198189,,,,
MYC,4609,P01106,,,,,-2.104906602,,
MXD1,4084,Q05195,,,,,2.004847473,,
MX2,4600,P20592,3.68336919,5.787620472,,4.086731871,4.760283321,,
MX1,4599,P20591,3.466208244,6.232267805,,4.778496836,6.345792059,,
MVP,9961,Q14764,,,1.287956331,,,,
MVB12B,89853,Q9H7P6,,,,,2.226161005,,
MUC4,4585,Q99102,,,1.778814273,,,,
MTRF1,9617,O75570,,,1.942329276,,,,
MTND6P5,106480427,,,,,5.9410883,4.528254095,,
MTND5P28,100505755,,,,,3.181829888,2.845457039,,
MTG1,92170,Q9BT17,,,1.284663147,,,,
MTFMT,123263,Q96DP5,,,1.393387586,,,,
MTDH,92140,Q86UE4,,,1.196023018,,,DENV2 16681 Capsid,0.7775663013062316
MTCO1P4,106480684,,,,,,5.417771401,,
MTCL1,23255,Q9Y4B5,,,,,-2.358092811,,
MTARC1,64757,Q5VT66,,,1.32978723,,,"DENV2 16681 NS4A,ZIKVfp NS4A","0.8115251351456703,0.673741838"
MSX1,4487,P28360,,,1.509810129,,,,
MSN,4478,P26038,,,1.314858492,,,,
MSLN,10232,Q13421,,,2.923740176,,,,
MSI2,124540,Q96DH6,,,1.17927645,,,DENV2 16681 Capsid,0.7463637998186144
MSH5-SAPCD1,100532732,,,,,-2.17365427,,,
MSC,9242,O60682,,,,,2.456749507,,
MRPS16,51021,Q9Y3D3,,,1.734502325,,-2.163169579,DENV2 16681 Capsid,0.6619631173668363
MRPS14,63931,O60783,,0.707201924,,,,,
MRPL53,116540,Q96EL3,,,,,-2.940827305,ZIKVug Capsid,0.727763528
MRPL39,54148,Q9NYK5,1.864309705,,,,,DENV2 16681 Capsid,0.8386112385067424
MRPL36,64979,Q9P0J6,,,,,5.03291773,,
MRPL30,51263,Q8TCC3,,,1.513154999,,,,
MRPL21,219927,Q7Z2W9,,,1.652198734,,,"DENV2 16681 Capsid,ZIKVfp Capsid","0.6790998789147351,0.800059469"
MRPL20,55052,Q9BYC9,,,1.260016287,,,"DENV2 16681 Capsid,DENV2 16681 Capsid Anchor,ZIKVfp Capsid,ZIKVug Capsid","0.8220562457444534,0.7192226376319775,0.91368244,0.918000441"
MRPL10,124995,Q7Z7H8,,,2.069399661,,,DENV2 16681 Capsid,0.629718461389543
MROH7,374977,Q68CQ1,,,,,-2.080070423,,
MRNIP,51149,Q6NTE8,,,1.543659061,,,,
MRM1,79922,Q6IN84,,,1.478495569,,,,
MPZL1,9019,O95297,,,1.42260121,,,DENV2 16681 NS5,0.6564906888401908
MPV17L2,84769,Q567V2,,,1.159320033,,,,
MPLKIP,136647,Q8TAP9,,,1.160128112,,,,
MPIG6B,80739,O95866,,,1.500486509,,,,
MPG,4350,P29372,,,,,-2.409025459,,
MOXD1,26002,Q6UVY6,,,,3.425641012,5.551720643,,
MOGS,7841,Q13724,,,1.2219325,,,,
MOGAT1,116255,Q96PD6,,,,,-2.791271812,,
MOAP1,64112,Q96BY2,,,,-3.664711698,,,
MN1,4330,Q10571,,,,,2.145446057,,
MMS22L,253714,Q6ZRQ5,,,1.434016746,,,,
MMP25,64386,Q9NPA2,,,,,2.264355815,,
MMP10,4319,P09238,,,1.767040066,,,,
MME,4311,P08473,,,,,-2.161562885,,
MMD,23531,Q15546,,,1.261774977,,,,
MMAB,326625,Q96EY8,,,1.220840262,,,,
MLX,6945,Q9UH92,,,1.096678544,,,,
MLEC,9761,Q14165,,,1.199409864,,,DENV2 16681 NS4B,0.7300263391738064
MLANA,2315,Q16655,,,1.755731711,,,,
MKI67,4288,P46013,,,,,-2.830821843,ZIKVfp Capsid,0.790826617
MIR3945HG,731424,,,,,,5.290265316,,
MIR181A1HG,100131234,,,,,,2.494251095,,
MIR155HG,114614,,,,,,2.893898621,,
MGAT1,4245,P26572,,,1.589987394,,,ZIKVfp NS4A,0.787160459
MFSD2A,84879,Q8NA29,,,1.269977015,,,,
MEX3D,399664,Q86XN8,,,1.221472268,,,,
MEX3B,84206,Q6ZN04,,,,-2.724501261,,,
METTL6,131965,Q8TCB7,,,1.249897062,,,,
METTL26,84326,Q96S19,,,1.219684757,,,,
METTL13,51603,Q8N6R0,,-0.964496405,,,,,
MEP1B,4225,Q16820,,,,,5.260033844,,
MELTF,4241,P08582,,,1.51279375,,,,
MED6P1,100128990,,,,,6.554079551,8.533873776,,
MED14OS,100873985,,,,,2.606290909,3.68162528,,
MED13L,23389,Q71F56,,,1.14916179,,,,
MECP2,4204,P51608,,,2.053477693,,,,
ME3,10873,Q16798,,,,,-2.862127646,,
MDP1,145553,Q86V88,,,1.371853885,,,,
MDK,4192,P21741,,,,,2.870519264,,
MDGA1,266727,Q8NFP4,,,,,2.466462569,,
MCTP2,55784,Q6DN12,,,1.684948523,,,,
MCTP1-AS1,113523641,,,,,,2.278256849,,
MCPH1,79648,Q8NEM0,,,2.034247314,,,,
MCOLN2,255231,Q8IZK6,,,,2.389169459,4.431718212,,
MCF2L,23263,O15068,,,,,-3.782809087,,
MCEMP1,199675,Q8IX19,,,,-2.399071533,-2.658127386,,
MCCC1,56922,Q96RQ3,,,1.153973526,,,,
MCAM,4162,P43121,,,,,-2.571600538,,
MBNL3,55796,Q9NUK0,,,1.574113528,,,,
MBNL1-AS1,401093,,,,,,6.463516651,,
MBLAC2,153364,Q68D91,,,1.484724479,,,"ZIKVfp NS4A,ZIKVug NS4A","0.797737569,0.70458463"
MBD5,55777,Q9P267,,,1.379520955,,,,
MBD3,53615,O95983,,,1.19363753,,,,
MATK,4145,P42679,,,,,-2.014698996,,
MATCAP2,23366,Q8NCT3,,,,,-2.1803825,,
MASTL,84930,Q96GX5,,,,,2.528208702,,
MARCO,8685,Q9UEW3,,,,,-2.394138399,,
MARCKSL1,65108,P49006,,,,4.320569543,,,
MARCKS,4082,P29966,,2.060799559,,,,,
MAPK9,5601,P45984,-0.899060288,,,,,,
MAPK8IP2,23542,Q13387,,,2.240140855,,,,
MAPK14,1432,Q16539,,,1.154111878,,,,
MAP7,9053,Q14244,,,,,-2.104696158,,
MAP2K3,5606,P46734,,,1.241165441,,,,
MAP2,4133,P11137,,,,,3.71506647,,
MAP1B,4131,P46821,,,1.109308507,,,,
MANEAL,149175,Q5VSG8,,,,,-2.624958037,,
MAN1A2,10905,O60476,,,2.263966543,,,,
MAMLD1,10046,Q13495,,,1.439470058,,,,
MAK,4117,P20794,,,1.425050451,,,,
MAGED1,9500,Q9Y5V3,,,,,-2.295468373,DENV2 16681 NS3,0.7107731966671947
MAGEC1,9947,O60732,,,1.856499476,,,,
MAGEB4,4115,O15481,,,1.582920795,,,,
MAGEB3,4114,O15480,,,1.142649742,,,,
MAGEA5P,4104,,,,1.40734345,,,,
MAG,4099,P20916,,,1.458451508,,,,
MACROD1,28992,Q9BQ69,,,1.343368178,,,,
MAB21L4,79919,Q08AI8,,,1.709281164,,,,
MAB21L2,10586,Q9Y586,,,1.391860525,,,,
LYSMD4,145748,Q5XG99,,,1.553333308,,,,
LYSMD2,256586,Q8IV50,,,,3.380155836,4.637059841,,
LYRM7,90624,Q5U5X0,,,,,-2.046423085,,
LYPD4,147719,Q6UWN0,,,1.462622268,,,,
LYPD2,137797,Q6UXB3,,,1.312308267,,,,
LYAR,55646,Q9NX58,1.381904766,,1.400921767,,,DENV2 16681 Capsid,0.6392112295016287
LY6E-DT,100133669,,,,,3.012393905,2.600799572,,
LY6D,8581,Q14210,,,1.27954342,,,,
LUC7L3,51747,O95232,,,1.507629247,,,"ZIKVfp NS5,ZIKVug NS5","0.870753849,0.831100085"
LTA,4049,P01374,,,,,5.964985238,,
LRRN2,10446,O75325,,,1.469008194,,,,
LRRK2-DT,107984474,,,,,,5.527107898,,
LRRCC1,85444,Q9C099,,,1.200263767,,,,
LRRC75A,388341,Q8NAA5,,,1.534474981,,,,
LRRC40,55631,Q9H9A6,,,1.180701969,,,,
LRRC26,389816,Q2I0M4,,,1.663547526,,,,
LRRC15,131578,Q8TF66,,,1.446409272,,,,
LRRC14,9684,Q15048,,,1.614578785,,,,
LRP2,4036,P98164,,,,,3.629751811,,
LRP1,4035,Q07954,,-1.81193024,1.356874655,,-2.292685814,,
LRIF1,55791,Q5T3J3,,,1.603528093,,,,
LPL,4023,P06858,,-2.614530164,,,,,
LMTK3,114783,Q96Q04,,,1.411001716,,,,
LMNB1,4001,P20700,,,,,2.493584991,DENV2 16681 NS4A,0.6809424964148983
LMF1,64788,Q96S06,,,,,-2.100373808,,
LIPG,9388,Q9Y5X9,,,1.434602598,,-3.091690717,,
LINS1,55180,Q8NG48,,,1.358405881,,,,
LINC02908,401563,,,,1.454308592,,,,
LINC02865,116435283,,,,,4.822171589,4.786824737,,
LINC02842,101929628,,,,,4.330464244,7.463384011,,
LINC02798,107985194,,,,,3.977720821,3.029034641,,
LINC02728,101928865,,,,,,2.767871602,,
LINC02384,100507195,,,,,,2.475965777,,
LINC02100,107986408,,,,,,2.480689355,,
LINC02068,105374219,,,,,2.481207789,3.599596292,,
LINC02035,100129550,,,,1.270478205,,,,
LINC02033,105377031,,,,,,2.545428248,,
LINC02006,105374165,,,,,,3.759360992,,
LINC01827,105373818,,,,,,-2.820255123,,
LINC01800,101927438,,,,,,-2.015302126,,
LINC01539,100505474,,,,,,3.777426866,,
LINC01506,101927015,,,,,,2.076905241,,
LINC01375,101926924,,,,,,-2.905479066,,
LINC01358,101926925,,,,,2.482284548,3.482188737,,
LINC01181,379034,,,,,,3.541978379,,
LINC00996,285972,,,,,3.670692342,6.322130846,,
LINC00696,100128378,,,,1.520483913,,,,
LINC00309,150992,,,,,5.940680549,6.839057058,,
LINC00243,401247,,,,,3.17691843,4.941484925,,
LINC00158,54072,,,,,4.570013551,6.927777877,,
LIMS2,55679,Q7Z4I7,,,1.124968799,,,,
LIMD2,80774,Q9BT23,,,,,-2.557555831,,
LILRB1,10859,Q8NHL6,,,,2.06017972,,,
LILRA5,353514,A6NI73,,,,2.40874989,2.832940244,,
LIG4,3981,P49917,,,1.144738651,,,,
LIAS,11019,O43766,,,1.652011083,,,,
LHFPL6,10186,Q9Y693,,,,,2.114329407,,
LHFPL3-AS2,723809,,,,,3.296992575,5.679574485,,
LGR4,55366,Q9BXB1,,,,,-2.165024694,,
LGMN,5641,Q99538,,1.031465532,,,2.218071797,,
LGALS4,3960,P56470,,,1.130919931,,,,
LGALS3BP,3959,Q08380,,,1.12711566,3.344862262,4.425179154,,
LGALS17A,400696,,,,,4.993028701,6.663015734,,
LGALS13,29124,Q9UHV8,,,1.901454065,,,,
LDLRAD2,401944,Q5SZI1,,,,,-4.052613916,,
LDHD,197257,Q86WU2,,,,,-2.720815726,,
LDHAP4,158222,,,,,,-2.433431005,,
LDHAL6A,160287,Q6ZMR3,,,1.207562456,,,,
LDAF1,57146,Q96B96,,,1.556926925,,,,
LCP2,3937,Q13094,,,1.527205025,,,,
LCE3E,353145,Q5T5B0,,,1.141795029,,,,
LCE2C,353140,Q5TA81,,,1.208303468,,,,
LCE2A,353139,Q5TA79,,,1.248753678,,,,
LAT,27040,O43561,,,,,-2.294498033,,
LARGE2,120071,Q8N3Y3,,,1.140006136,,,,
LAP3,51056,P28838,,,,,2.651971435,,
LAMTOR4,389541,Q0VGL1,,,1.396367581,,,,
LAMP3,27074,Q9UQV4,,,,,2.473417231,,
LAMC2,3918,Q13753,,,1.608569248,,,,
LAMA3,3909,Q16787,,,,,3.12295851,,
LALBA,3906,P00709,,,1.446145195,,,,
LAG3,3902,P18627,,,,4.579981781,4.574016149,,
LAD1,3898,O00515,,,1.124515504,,,,
L3MBTL4,91133,Q8NA19,,,1.612004388,,,,
L3MBTL2-AS1,100506544,,,,,,2.198559758,,
KRTAP4-4,84616,Q9BYR3,,,1.158974886,,,,
KRTAP20-3,337985,Q3LI60,,,1.941583142,,,,
KRTAP20-1,337975,Q3LI63,,,1.651248213,,,,
KRTAP12-2,353323,P59991,,,1.10018731,,,,
KRT81,3887,Q14533,,,1.199614097,,,,
KRT79,338785,Q5XKE5,,,,,-3.322798479,,
KRT4,3851,P19013,,,,-2.439902399,-4.204983783,,
KRT13,3860,P13646,,,1.22466759,,,,
KMO,8564,O15229,,,1.897336758,,,,
KLRG1,10219,Q96E93,,,1.142761249,,,,
KLHL35,283212,Q6PF15,,,1.134700357,,,,
KLHL34,257240,Q8N239,,,1.244635672,,,,
KLHL23,151230,Q8NBE8,,,1.751874371,,,,
KLHL12,59349,Q53G59,,,1.188834003,,,ZIKVug NS3,0.705153265
KLHDC7A,127707,Q5VTJ3,,,2.238904786,,,,
KLHDC3,116138,Q9BQ90,,,1.147460749,,,,
KLF4,9314,O43474,,,,,2.954495444,,
KLC4,89953,Q9NSK0,,,2.004909457,,,,
KIR2DL4,3805,Q99706,,,,3.399939034,7.763630421,,
KIF9,64147,Q9HAQ2,,,2.142621006,,,,
KIF15,56992,Q9NS87,,,1.317639806,,,,
KIAA1671,85379,Q9BY89,,,,2.904323409,4.771374368,,
KIAA1210,57481,Q9ULL0,,,,,-3.039577247,,
KIAA0040,9674,Q15053,,,,2.577510854,,,
KHNYN,23351,O15037,,,1.105736014,,,,
KDM5B,10765,Q9UGL1,,,1.828207283,,,,
KDM4A,9682,O75164,,,1.204569874,,,,
KCTD20,222658,Q7Z5Y7,,,1.961009985,,,,
KCTD15,79047,Q96SI1,,,,-2.16789183,-2.906986948,,
KCTD14,65987,Q9BQ13,,,,,5.632294012,,
KCNS3,3790,Q9BQ31,,,,,3.824476252,,
KCNRG,283518,Q8N5I3,,,,,2.309468943,,
KCNJ2,3759,P63252,,,,,2.263385623,,
KCNJ1,3758,P48048,,,,,-2.832227812,,
KCNH7,90134,Q9NS40,,,,,2.301723019,,
KCNA2,3737,P16389,,,,,-3.264392219,,
KBTBD8,84541,Q8NFY9,,,1.809727146,,,,
KBTBD6,89890,Q86V97,,,,3.384030489,,,
KALRN,8997,O60229,,,,2.642057206,,,
JAZF1,221895,Q86VZ6,,,,,2.057618117,,
JAK2,3717,O60674,,,,,2.209451182,,
JADE3,9767,Q92613,,,,,2.58578016,,
JADE2,23338,Q9NQC1,,,,2.17383768,,,
IWS1,55677,Q96ST2,,,1.171534528,,,DENV2 16681 NS5,0.8635710126385087
ITPRIP,85450,Q8IWB1,,,1.38973523,-2.734868414,,,
ITM2C,81618,Q9NQX7,,,1.176812422,,,,
ITIH4,3700,Q14624,,,,3.101136315,2.511485837,,
ITIH3,3699,Q06033,,,,2.737472078,4.217350912,,
ITGB8,3696,P26012,,,,,3.107680551,,
ITGB3,3690,P05106,,,,,-2.053792304,,
ITGB1BP1,9270,O14713,,,1.144442169,,,,
ITGAD,3681,Q13349,,,1.24598054,,,,
ITGA9,3680,Q13797,,,,,-2.519280441,,
ITGA3,3675,P26006,,,,,-3.144835644,,
ITGA2,3673,P17301,,,,,2.591184068,,
ITGA11,22801,Q9UKX5,,,1.454421338,,,,
ITCH,83737,Q96J02,,,1.21750675,,,,
ISYNA1,51477,Q9NPH2,,,,,-2.992641963,,
ISG20,3669,Q96AZ6,,,,4.828142773,4.617202099,,
ISG15,9636,P05161,,5.740499175,,,4.448356151,,
IRF7,3665,Q92985,,,,,2.652301412,,
IRF2BP2,359948,Q7Z5L9,,,1.533311425,,,,
IRF1-AS1,441108,,,,,2.56533929,2.739314508,,
IRF1,3659,P10914,,,,2.64043706,3.372379799,,
IREB2,3658,P48200,,-1.855734379,,,,,
IRAK2,3656,O43187,,,,,2.733591477,,
IQGAP3,128239,Q86VI3,,,,,-3.147165315,,
IPO11,51194,Q9UI26,,,1.768883144,,,,
IPMK,253430,Q8NFU5,,,1.161144527,,,,
INTS13,55726,Q9NVM9,,,1.436359348,,,,
INTS10,55174,Q9NVR2,,,1.614655158,,,,
ING3,54556,Q9NXR8,,,1.208184664,,,,
ING2,3622,Q9H160,,,1.315752642,,,,
INCENP,3619,Q9NQS7,,,1.686495674,,,,
INAFM1,255783,C9JVW0,,,1.31072495,,,,
IMPA2,3613,O14732,,,,,-2.026352587,,
ILDR1,286676,Q86SU0,,,1.640044401,,,,
IL7R,3575,P16871,,,,,2.677234398,,
IL7,3574,P13232,,,,2.208163729,2.707972066,,
IL6,3569,P05231,,,,2.513662623,3.52767254,,
IL4I1,259307,Q96RQ9,,,1.128365128,,2.146584316,,
IL31RA,133396,Q8NI17,,,,,3.279910214,,
IL2RA,3559,P01589,,,,,3.781462918,,
IL27,246778,Q8NEV9,,,,,3.901709568,,
IL22RA2,116379,Q969J5,,,,,-3.106417537,,
IL1B,3553,P01584,,,,,2.391995445,,
IL1A,3552,P01583,,,,,2.267739595,,
IL18RAP,8807,O95256,,,,2.810192458,5.347965042,,
IL17RC,84818,Q8NAC3,,,2.25207113,,,,
IL17F,112744,Q96PD4,,,1.623131268,,,,
IL17B,27190,Q9UHF5,,,1.835572708,,,,
IL16,3603,Q14005,,,1.260694102,,,,
IL15RA,3601,Q13261,,,,4.22861413,4.973680342,,
IL15,3600,P40933,,,,2.460964299,3.981251078,,
IL12RB1,3594,P42701,,,,,2.053759187,,
IL12B,3593,P29460,,,,,2.487604783,,
IL12A,3592,P29459,,,,5.974433406,8.678697069,,
IL11,3589,P20809,,,2.344497672,,,,
IGSF3,3321,O75054,,,1.673340845,,,,
IGSF22,283284,Q8N9C0,,,1.40133152,,,,
IGFBP7,3490,Q16270,,,1.731493405,,,,
IGFBP4,3487,P22692,,,,,3.053413674,,
IGF2BP3,10643,O00425,,,,2.992631445,3.258229165,DENV2 16681 Capsid,0.7257279050076705
IFTAP,119710,Q86VG3,,,1.727734581,,,,
IFT70B,150737,Q8N4P2,,,1.552643046,,,,
IFT70A,92104,Q86WT1,,,1.587456685,,,,
IFT56,79989,A0AVF1,,,,,3.301610391,,
IFNW1,3467,P05000,,,,,7.068126321,,
IFNL3,282617,Q8IZI9,,,,,7.010407868,,
IFNL2,282616,Q8IZJ0,,,,,6.433659154,,
IFNL1,282618,Q8IU54,,,,7.305892326,9.670034845,,
IFNA14,3448,P01570,,,1.768734041,,,,
IFITM3,10410,Q01628,,,,2.710363106,5.65329098,,
IFITM1,8519,P13164,,,,5.793175389,9.348815053,,
IFIT5,24138,Q13325,,1.116969129,,3.030091566,6.271589936,,
IFIT3,3437,O14879,3.494644087,5.69825699,,8.197744299,8.15284245,,
IFIT2,3433,P09913,3.884688719,6.643829723,,4.824259361,5.362946175,,
IFIT1,3434,P09914,3.970117068,6.283329563,,8.548467957,10.7981352,,
IFIH1,64135,Q9BYX4,2.003777245,4.555946029,,3.433378392,4.790778075,,
IFI6,2537,P09912,,,,3.89454673,3.108238805,,
IFI44L,10964,Q53G44,,2.64704648,1.54023955,6.093850191,9.038601577,,
IFI44,10561,Q8TCB0,,3.468329055,,4.031842484,4.922575112,,
IFI35,3430,P80217,,,,2.413008255,2.527308768,,
IFI27,3429,P40305,,,1.310115695,3.824845608,5.682027064,,
IFI16,3428,Q16666,,,,,2.525168757,,
IDO2,169355,Q6ZQW0,,,,,4.175579456,,
IDO1,3620,P14902,,,,,5.682855091,,
ICAM5,7087,Q9UMF0,,,,,-2.642984402,,
ICAM4,3386,Q14773,,,1.203952756,,,,
IAH1,285148,Q2TAA2,,,1.283270991,,,,
HYDIN2,100288805,,,,,,3.141619604,,
HYCC2,285172,Q8IXS8,,,1.588422356,,,,
HTR7,3363,P34969,,,1.189924229,,,,
HSPH1,10808,Q92598,,,1.605803451,,,"DENV2 16681 NS2B3,DENV2 16681 NS3","0.6660603281416947,0.657888897451514"
HSPG2,3339,P98160,,,,,-4.226721423,,
HSPB6,126393,O14558,,,1.104108669,,,,
HSPA1B,3304,"['P0DMV9', 'P0DMV8']",,,,,3.437332551,,
HSP90AB3P,3327,,,,,-3.051540073,,,
HSP90AA1,3320,P07900,,,1.447481519,,,,
HSH2D,84941,Q96JZ2,,,,3.083146996,4.223756319,,
HSF5,124535,Q4G112,,,,2.620581376,,,
HSF2,3298,Q03933,,,1.398718223,,,,
HSF1,3297,Q00613,,,1.13457406,,,,
HSDL2,84263,Q6YN16,,,1.153047425,,,,
HSD11B1-AS1,101930114,,,,,,2.613758418,,
HS3ST3B1,9953,Q9Y662,,,,,4.103018801,,
HS3ST2,9956,Q9Y278,,,,2.299717859,,,
HRG,3273,P04196,,,1.303994422,,,,
HRAS,3265,P01112,,,,,-2.362354538,,
HPSE,10855,Q9Y251,,,,3.312685786,4.368560427,,
HPS6,79803,Q86YV9,,,,,-6.561170744,DENV2 16681 NS3,0.6448723377299153
HPGDS,27306,O60760,,,,,-2.754756666,,
HPGD,3248,P15428,,,,,-2.609936157,,
HPCA,3208,P84074,,,1.364268361,,,,
HP,3240,P00738,,,1.474945274,,,,
HOXD13,3239,P35453,,,1.24645972,,,,
HOPX,84525,Q9BPY8,,,,,-2.095502949,,
HOATZ,399949,Q6PI97,,,1.507903101,,,,
HNRNPR,10236,O43390,,,1.388576067,,,"DENV2 16681 Capsid,DENV2 16681 Capsid Anchor","0.7854955363627915,0.7399232599773286"
HNRNPH1,3187,P31943,,,1.536705998,,,,
HNRNPA1P10,664709,,,,,-2.307563953,,,
HMCN1,83872,Q96RW7,,,1.363137959,,-2.954851487,,
HLA-DRB3,3125,P79483,,1.243831368,,,,,
HLA-DRB1,3123,P01911,,0.960305283,1.250304596,,,,
HLA-DOB,3112,P13765,,,,,3.65889624,,
HLA-DOA,3111,P06340,,,1.109846884,,,,
HLA-B,3106,P01889,,2.02347863,,,,,
HLA-B,3106,P01889,,1.008569822,,,,,
HIVEP2,3097,P31629,,,,,3.73300997,,
HIP1R,9026,O75146,,,,,2.197179228,,
HILPDA,29923,Q9Y5L2,,,,,-2.491524285,,
HIC2,23119,Q96JB3,,,1.938521588,,,ZIKVug NS5,0.681337138
HIC1,3090,Q14526,,,,,-2.555213323,,
HHEX,3087,Q03014,,,,,-2.218402917,,
HGH1,51236,Q9BTY7,,,,,-2.361624447,,
HEXA-AS1,80072,,,,,,-5.580698,,
HESX1,8820,Q9UBX0,,,,5.871560243,6.516752245,,
HES3,390992,Q5TGS1,,,1.211637097,,,,
HES2,54626,Q9Y543,,,1.215937145,,,,
HERC6,55008,Q8IVU3,,,,2.99892681,3.738752431,,
HERC5,51191,Q9UII4,,,1.212637102,6.083065282,7.300224041,ZIKVug Capsid,0.79241906
HELZ2,85441,Q9BYK8,,,,3.018836916,3.122730528,,
HELB,92797,Q8NG08,,,,,2.415118029,,
HECTD2,143279,Q5U5R9,,,1.147668779,,,,
HEATR9,256957,A2RTY3,,,,3.870094995,5.997199455,,
HEATR5B,54497,Q9P2D3,,,1.758651711,,,,
HEATR4,399671,Q86WZ0,,,1.145277162,,,,
HDX,139324,Q7Z353,,,,2.516995683,2.877979634,,
HDAC11,79885,Q96DB2,,,1.497627709,,,,
HCAR2,338442,Q8TDS4,,,,,3.368099856,,
HBEGF,1839,Q99075,,,,,2.476480097,,
HAUS1,115106,Q96CS2,,,2.024863026,,,ZIKVug NS3,0.783937324
HARS2,23438,P49590,,1.502810985,,,,,
HARBI1,283254,Q96MB7,,,1.207219395,,,,
HAPLN3,145864,Q96S86,,,,3.972207023,5.475283122,,
HAND1,9421,O96004,,,1.311004824,,,,
H4C5,8367,P62805,,,,-6.681921538,,,
H4C14,8370,P62805,,,,,2.993857173,,
H3P47,115482706,,,,,-2.38801147,,,
H3C3,8352,P68431,,,1.8256844,,,,
H3-3B,3021,P84243,,,,2.290202972,,,
H2BP2,338391,,,,,,2.147844069,,
H2BC3,3018,P33778,,,1.566457381,,,,
H2BC1,255626,Q96A08,,,1.134092407,,,,
GZMK,3003,P49863,,,1.518011272,,,,
GYPC,2995,P04921,,,,,-2.012235757,,
GXYLT2,727936,A0PJZ3,,,,3.257650769,4.015418635,,
GXYLT1P4,100132441,,,,,,-2.439313839,,
GUCY2EP,390226,,,,1.958102691,,,,
GUCY1B1,2983,Q02153,,,,,3.73052574,,
GUCY1A1,2982,Q02108,,,,3.199462853,6.530237331,,
GUCA1A,2978,,,,,,-2.626672001,,
GTSF1L,149699,Q9H1H1,,,1.118975789,,,,
GTF2A2,2958,P52657,,,1.618543671,,,,
GSTZ1,2954,O43708,,,1.20160234,,,,
GSDMA,284110,Q96QA5,,,1.114516451,,,,
GRM7,2917,Q14831,,,,-2.154905548,-3.00634573,,
GRK6,2870,P43250,,,,,-2.22321404,,
GRIP1,23426,Q9Y3R0,,,,,2.081035847,,
GRIN3A,116443,Q8TCU5,,,,,2.512043967,,
GRHL2,79977,Q6ISB3,,,1.252713046,,,,
GRASLND,386597,,,,,5.411242009,5.152594248,,
GRAMD4,23151,Q6IC98,,,,,-2.078936518,,
GRAMD1B,57476,Q3KR37,,,,2.333801749,2.424617053,,
GPRASP1,9737,Q5JY77,,,,-2.175408719,,,
GPR68,8111,Q15743,,,,2.219377227,,,
GPR39,2863,O43194,,,1.396457906,,,,
GPR18,2841,Q14330,,,1.200119598,,,,
GPR158,57512,Q5T848,,,1.380822805,,,,
GPNMB,10457,Q14956,,,1.483981324,,,,
GPD1,2819,P21695,,,,,-2.76050459,,
GPATCH2,55105,Q9NW75,,,2.371467629,,,,
GPAT2P1,643219,,,,,,-3.60939902,,
GPAT2,150763,Q6NUI2,,,,,-3.494493655,,
GOT1,2805,P17174,,,1.380232662,,,,
GON7,84520,Q9BXV9,,,,,-2.42218489,,
GOLM2,113201,Q6P4E1,,,1.588660664,,,ZIKVug NS4A,0.910914235
GOLGA7B,401647,Q2TAP0,,,,,-4.336760736,,
GNL3,26354,Q9BVP2,,,1.3027982,,,"DENV2 16681 Capsid,DENV2 16681 Capsid Anchor","0.7400791651042176,0.6523756850842157"
GNG7,2788,O60262,,,,,-2.348985024,,
GNG4,2786,P50150,,,2.742938881,,,,
GNB2,2783,P62879,,,1.463199062,,,,
GNAI2,2771,P04899,,,1.725212247,,,,
GMPR,2766,P36959,,1.612729285,,3.934501909,3.989128731,,
GMPPB,29925,Q9Y5P6,,,,,-2.428220558,,
GMEB2,26205,Q9UKD1,,,1.167163693,,,,
GMCL1,64395,Q96IK5,,,1.250828626,,,,
GLYATL1P1,100129032,,,,,,-2.029397989,,
GLT1D1,144423,Q96MS3,,,,2.445799522,,,
GLRA1,2741,P23415,,,1.211099191,,,,
GLI1,2735,P08151,,,1.490515577,,,,
GJB3,2707,O75712,,,1.250577799,,,,
GJA9,81025,P57773,,,1.203758811,,,,
GJA4,2701,P35212,,,1.141319397,,,,
GIMAP2,26157,Q9UG22,,,,,2.202432676,,
GGT1,2678,P19440,,,1.141783153,,,,
GGACT,87769,Q9BVM4,,,1.588549287,,,,
GEMIN7,79760,Q9H840,,,1.422842363,,,,
GCSAM,257144,Q8N6F7,,,,,2.147465428,,
GCKR,2646,Q14397,,,1.851198737,,,,
GCH1,2643,P30793,,,,3.719892006,4.700219096,,
GBP5,115362,Q96PP8,,3.175454832,,4.997802454,5.952728832,,
GBP4,115361,Q96PP9,,,1.335124347,6.086862789,7.787938406,,
GBP3,2635,Q9H0R5,,,,,2.975439823,,
GBP2,2634,P32456,,1.111666448,,,2.094330395,,
GBP1P1,400759,,,,,5.335365909,6.881713374,,
GBP1,2633,P32455,,2.687539728,,3.268561294,4.854079951,,
GATD3,8209,"['A0A0B4J2D5', 'P0DPI2']",,,1.160719329,,,,
GAS6-DT,100506394,,,,,,2.295155591,,
GARIN2,161142,Q8N9W8,,,1.907693942,,,,
GAREM1,64762,Q9H706,,,,2.787735755,3.434011299,,
GANC,2595,Q8TET4,,,1.097357019,,,,
GALNT14,79623,Q96FL9,,,1.30871157,,,,
GALK1,2584,P51570,,,,,-2.352828874,,
GAGE8,100101629,Q9UEU5,,,1.285125605,,,,
GADD45GIP1,90480,Q8TAE8,,,1.878432521,,,"DENV2 16681 Capsid,ZIKVfp Capsid","0.6743974270767914,0.847505464"
GADD45B,4616,O75293,,,,2.021839532,,,
GABRA4,2557,P48169,,,2.353297287,,,,
GABPB1-AS1,100129387,,,,,,3.805415409,,
GABPB1,2553,Q06547,,,1.164917019,,,,
G0S2,50486,P27469,,,,,2.556034985,,
FZD7,8324,O75084,,,,-2.160267472,,,
FXYD6,53826,Q9H0Q3,,,,,3.010157683,,
FXYD4,53828,P59646,,,1.354227678,,,,
FUT3,2525,P21217,,,1.193864807,,,,
FTLP3,284764,,,,,,-6.095220119,,
FSTL1,11167,Q12841,,,,,2.420860404,,
FRMD8,83786,Q9BZ67,,,1.181351456,,,,
FRMD7,90167,Q6ZUT3,,,,,4.004261587,,
FPR3,2359,P25089,,,,,3.095694688,,
FPR2,2358,P25090,,,,2.056032016,3.549878774,,
FOXN3,1112,O00409,,,1.358535706,,,,
FOXK1,221937,P85037,,,1.920234546,,,,
FOXD4L1,200350,Q9NU39,,,1.695590826,,,,
FOXD3,27022,Q9UJU5,,,1.508164396,,,,
FOLR1,2348,P15328,,,,,-3.498985579,,
FNDC5,252995,Q8NAU1,,,1.139136768,,,,
FMR1,2332,Q06787,,,1.188260834,,,"DENV2 16681 Capsid,ZIKVfp NS5,ZIKVug NS5","0.6797150491083639,0.673907725,0.631249545"
FMN2,56776,Q9NZ56,,,1.243541629,,,,
FLYWCH2,114984,Q96CP2,,,,,-2.635267735,,
FLNA,2316,P21333,,,,,-2.588512849,,
FLG,2312,P20930,,,1.495317961,,,,
FKBP14,55033,Q9NWM8,,,1.534203841,,,,
FIRRE,286467,,,,,,2.258006153,,
FILIP1L,11259,Q4L180,,,,,2.488570889,,
FHL1,2273,Q13642,,,,,-2.888511319,,
FGL1,2267,Q08830,,,1.574058656,,,,
FGFR1,2260,P11362,,,,,-2.209799413,,
FGFBP1,9982,Q14512,,,1.916906421,,,,
FGF2,2247,P09038,,,,,2.985674961,DENV2 16681 NS5,0.657429280362873
FER1L6,654463,Q2WGJ9,,,,3.081181908,2.859967695,,
FDPSP3,2227,,,,,6.439771969,6.536289166,,
FCGR1CP,100132417,,,,,,2.158961378,,
FCGR1BP,2210,,,,,,2.021781891,,
FCF1,51077,Q9Y324,,,1.486453838,,,,
FBXO5,26271,Q9UKT4,,,,,2.014814924,,
FBXO39,162517,Q8N4B4,,,,,6.770261229,,
FBXO3,26273,Q9UK99,,,1.199066327,,,,
FBP1,2203,P09467,,,,,-2.796405591,,
FBLN5,10516,Q9UBX5,,,1.305812036,,,,
FAT1,2195,Q14517,,,1.140126033,,,ZIKVfp NS2B3,0.663445309
FASTKD1,79675,Q53R41,,,1.480938282,,,,
FASN,2194,P49327,,,,,-2.133042223,,
FAS,355,P25445,,,,,2.364194725,,
FAP,2191,Q12884,,,,4.024459637,8.539887815,,
FANCI,55215,Q9NVI1,,,1.402323927,,,,
FANCE,2178,Q9HB96,,,,,-2.080257566,,
FAM95B1,100133036,,,,,,-3.285735115,,
FAM90A1,55138,Q86YD7,,,1.134082831,,,,
FAM8A1,51439,Q9UBU6,,,,,3.164884504,,
FAM83E,54854,Q2M2I3,,,1.326873792,,,,
FAM81A,145773,Q8TBF8,,,,,-2.118264565,,
FAM72D,728833,Q6L9T8,,,,,2.006720704,,
FAM72C,554282,H0Y354,,,,,2.186324543,,
FAM72B,653820,Q86X60,,,,,2.181183066,,
FAM72A,729533,Q5TYM5,,,,,2.235523648,,
FAM3C,10447,Q92520,,,1.143878675,,,DENV2 16681 NS4A,0.7989732079167624
FAM241A,132720,Q8N8J7,,,,,3.197687886,,
FAM234A,83986,Q9H0X4,,,1.196949685,,,,
FAM177B,400823,A6PVY3,,,1.502112755,,,,
FAM131B,9715,Q86XD5,,,,-2.200291298,,,
FAM124A,220108,Q86V42,,,,,2.61769005,,
FABP6,2172,P51161,,,1.603311367,,,,
FABP4,2167,P15090,,,,,-2.584748542,,
FA2H,79152,Q7L5A8,,,,,-2.303185065,,
F13A1,2162,P00488,,,,,-3.486368073,,
EXT1,2131,Q16394,,,,,3.361892552,,
EXPH5,23086,Q8NEV8,,,1.593275432,,,,
EXOSC6,118460,Q5RKV6,,,,5.14421105,,,
EXOSC5,56915,Q9NQT4,,,,,-2.212539315,DENV2 16681 Capsid,0.6488485127080699
EXOC8,149371,Q8IYI6,,,,4.098158984,,,
EXD3,54932,Q8N9H8,,,,,-2.158610008,,
EVI5L,115704,Q96CN4,,,,,-2.288515124,"ZIKVfp NS5,ZIKVug NS5","0.878924848,0.911660684"
ETV7,51513,Q9Y603,,,,3.59222514,4.057586457,,
ETNK2,55224,Q9NVF9,,,,,-2.228390464,,
ESPNL,339768,Q6ZVH7,,,,-2.46610508,,,
ERN2,10595,Q76MJ5,,,2.482426196,,,,
ERLEC1,27248,Q96DZ1,,,1.407314314,,,"DENV2 16681 NS1,ZIKVfp NS2B3","0.6714084132044582,0.605410909"
EREG,2069,O14944,,,,,3.81869063,,
ERCC1,2067,P07992,,,1.535868005,,-2.245204961,,
ERC1,23085,Q8IUD2,,-1.952667675,1.476430313,,,DENV2 16681 NS5,0.8080984000027712
EPSTI1,94240,Q96J88,,,,3.44910506,5.046409577,,
EPS8,2059,Q12929,,,1.289967899,,,,
EPHB6,2051,O15197,,,,,-2.798011871,,
EPHB2,2048,P29323,,,,2.173786132,,,
EPHA6,285220,Q9UF33,,,1.446887044,,,,
EPCAM,4072,P16422,,,1.314923741,,,,
EPC2,26122,Q52LR7,,,1.391519371,,,,
EPC1,80314,Q9H2F5,,,1.534361959,,,,
EPB41L5,57669,Q9HCM4,,,,2.305512395,2.261156885,,
EOMES,8320,O95936,,,1.258670289,,,,
ENTREP1,9413,Q15884,,,,,-2.37224387,,
ENDOG,2021,Q14249,,,1.454057554,,,,
ENDOD1,23052,O94919,,,,3.00375437,-4.427981477,ZIKVfp NS4A,0.715143803
ENC1,8507,O14682,,,,,-2.309747804,,
EMP2,2013,P54851,,,1.429970856,,,,
EME2,197342,A4GXA9,,,,-2.126233799,,ZIKVug NS4A,0.790485935
EMC6,83460,Q9BV81,,,1.664539541,,,,
EMC10,284361,Q5UCC4,,,,,-2.510526363,,
ELOVL7,79993,A1L3X0,,,,,2.770514685,ZIKVfp NS4A,0.790436991
ELOVL6,79071,Q9H5J4,,,1.696451958,,,,
ELOVL3,83401,Q9HB03,,,,6.586984817,3.738171491,,
ELOVL1,64834,Q9BW60,,,1.298764557,,,,
ELOB,6923,Q15370,,,,,-2.302280928,,
ELL2,22936,O00472,,,1.230996812,,,,
ELF1,1997,P32519,,,1.577190534,,,,
ELAVL2,1993,Q12926,,,1.103784855,,,,
ELAPOR2,222223,A8MWY0,,,1.211236045,,,,
ELAPOR1,57535,Q6UXG2,,,1.125737185,,,,
EIF4G3,8672,O43432,,-1.897606054,,,,,
EIF4EBP3,8637,O60516,,,1.814252521,,,,
EIF4EBP1,1978,Q13541,,,,,-2.017713701,,
EIF4BP7,643873,,,,,,-2.719231552,,
EIF4BP6,645579,,,,,,-3.078748595,,
EIF2AK2,5610,P19525,,2.400045992,,2.516944892,3.063601344,"ZIKVfp NS5,ZIKVug NS5","0.887275609,0.790797687"
EID3,493861,Q8N140,,,1.278661385,,,,
EGR1,1958,P18146,,,,-2.439044911,,,
EGFEM1P,93556,,,,,,-2.041732917,,
EGF,1950,P01133,,,,4.107830196,4.266316992,,
EFS,10278,O43281,,,1.340508338,,,,
EFL1,79631,Q7Z2Z2,,2.687528925,,,,,
EFHD2,79180,Q96C19,,,1.67421542,,,,
EEPD1,80820,Q7L9B9,,,,,-2.613327075,,
EEIG2,284611,Q5T8I3,,,1.60356225,,,,
EEF1A1P5,158078,,,,,,-3.408600995,,
EDN1,1906,P05305,,,,,4.727145844,,
ECPAS,23392,Q5VYK3,,,1.395720987,,,,
ECHDC3,79746,Q96DC8,-0.626369403,,,,,,
ECHDC1,55862,Q9NTX5,,,1.111593792,,,,
ECH1,1891,Q13011,,,1.159291284,,,,
ECEL1,9427,O95672,,,1.143940266,,,,
EBI3,10148,Q14213,,,,,6.133952669,,
EBF2,64641,Q9HAK2,,,1.137177996,,,,
E2F7,144455,Q96AV8,,,,,4.345872658,,
E2F1,1869,Q01094,,,,,-3.501161018,,
DYSF,8291,O75923,,,1.239753456,,,,
DYRK1A,1859,Q13627,,,1.966178975,,,,
DYNLT4,343521,Q5JR98,,,1.406033374,,,,
DYNLT2B,255758,Q8WW35,,,,,-2.384672667,,
DYNLT1,6993,P63172,,,,,2.039392694,,
DUSP8,1850,Q13202,,,,,2.786763421,,
DUSP28,285193,Q4G0W2,,,1.774194102,,,,
DUSP1,1843,P28562,,,1.475181436,,,,
DUS2,54920,Q9NX74,,,1.755168564,,,,
DTX4,23220,Q9Y2E6,,,,,-2.397025795,,
DTX3L,151636,Q8TDB6,,1.601030028,,2.674195645,3.551022381,,
DSPP,1834,Q9NZW4,,,1.298716474,,-4.365594255,,
DSCR4,10281,,,,1.425007709,,,,
DSCR10,259234,,,,1.136871814,,,,
DSC3,1825,Q14574,,,1.141710429,,,,
DRC7,84229,Q8IY82,,,1.280626066,,,,
DRC1,92749,Q96MC2,,,1.349718331,,,,
DPYS,1807,Q14117,,,,,4.375739522,,
DOP1B,9980,Q9Y3R5,,,1.50835649,,,,
DOP1A,23033,Q5JWR5,,,1.644566803,,,,
DOLK,22845,Q9UPQ8,,,1.485104283,,,,
DOK7,285489,Q18PE1,,,1.35670828,,,,
DOCK4,9732,Q8N1I0,,,2.488037943,,,,
DNASE2B,58511,Q8WZ79,,,,,-3.547373587,,
DNASE1L3,1776,Q13609,,,,,-2.981673458,,
DNALI1,7802,O14645,,,1.17166947,,,,
DNAL1,83544,Q4LDG9,,,1.391102531,,,,
DNAJC5,80331,Q9H3Z4,,,,,-2.563848287,,
DNAJC28,54943,Q9NX36,,,,,2.247196417,,
DNAJB4,11080,Q9UDY4,,,,,2.069957756,,
DNAJB11,51726,Q9UBS4,,,1.427080807,,,,
DNAI7,55259,Q6TDU7,,,2.185452115,,,,
DNAAF1,123872,Q8NEP3,,,,4.227123868,4.52510997,,
DMWD,1762,Q09019,,,1.391118486,,,,
DMRT2,10655,Q9Y5R5,,,1.232084779,,,,
DMP1,1758,Q13316,,,,,-2.167238279,,
DMD,1756,P11532,,,,,2.225711909,,
DIP2B,57609,Q9P265,,1.548780939,,,,,
DHX58,79132,Q96C10,,,,2.282984713,2.884130644,,
DGLUCY,80017,Q7Z3D6,-1.227909786,,,,,,
DGKZ,8525,Q13574,,-4.419137156,,,,ZIKVfp NS5,0.91684142
DGCR6L,85359,Q9BY27,,,,,-2.553645906,,
DGAT1,8694,O75907,,,1.373434012,,,,
DEUP1,159989,Q05D60,,,1.606979401,,,,
DES,1674,P17661,,,1.139367075,,,,
DEPTOR,64798,Q8TB45,,,,,-2.839514675,,
DEPDC7,91614,Q96QD5,,,,,2.42042851,,
DEPDC5,9681,O75140,,,1.174139665,,,,
DENND1B,163486,Q6P3S1,,,1.447722832,,,,
DEGS2,123099,Q6QHC5,,,,,-2.261250933,,
DEFB128,245939,Q7Z7B8,,,2.267335704,,,,
DEFB113,245927,Q30KQ7,,,1.886449557,,,,
DEFB105A,245908,Q8NG35,,,1.216672836,,,,
DEFB1,1672,P60022,,,,4.107167339,6.970638779,,
DEFA5,1670,Q01523,,,1.227437867,,,,
DEDD2,162989,Q8WXF8,,,1.140431322,,,,
DDX60,55601,Q8IY21,,,,3.174589929,3.775247168,,
DDX52,11056,Q9Y2R4,,,1.783766704,,,"ZIKVfp Capsid,ZIKVug Capsid","0.840584451,0.825539762"
DDR1,780,Q08345,,,1.587472034,,,,
DDAH1,23576,O94760,,,,,2.243123558,,
DCP1A,55802,Q9NPI6,,0.762547239,,,,,
DCHS1,8642,Q96JQ0,,,,,-3.35791335,,
DCDC2,51473,Q9UHG0,,,,,-2.839878454,,
DCC,1630,P43146,,,1.114698629,,,,
DCBLD2,131566,Q96PD2,,,1.326994668,,,,
DCANP1,140947,Q8TF63,,,,,-5.565028965,,
DCAF6,55827,Q58WW2,,,1.503150647,,,,
DBP,1628,Q10586,,,,,-2.09609429,,
DBNL,28988,Q9UJU6,,,1.47645864,,,,
DBN1,1627,Q16643,,,,,-3.080802777,,
DAPP1,27071,Q9UN19,,,,,2.15983103,,
CYTL1,54360,Q9NRR1,,,1.241678349,,-3.064703449,,
CYTH4,27128,Q9UIA0,,-1.906844278,,,,,
CYSLTR1,10800,Q9Y271,,,,,2.226644069,,
CYP7B1,9420,O75881,,,1.516345822,,4.47444832,,
CYP4V2,285440,Q6ZWL3,,,1.480131193,,,,
CYP39A1,51302,Q9NYL5,,,1.619486364,,,,
CYP2U1,113612,Q7Z449,,,,,2.342432723,,
CYP2J2,1573,P51589,,,,3.900342753,5.108593442,,
CYP2E1,1571,P05181,,,1.170447129,,,,
CYP2A6,1548,P11509,,,1.115893147,,,,
CYP27A1,1593,Q02318,,,,,-2.695648149,,
CYP19A1,1588,P11511,,,1.246888312,,2.773197073,,
CYFIP2,26999,Q96F07,,,1.123172302,,,,
CYB5D2,124936,Q8WUJ1,,,1.236870893,,,,
CXorf65,158830,A6NEN9,,,1.599472227,,,,
CXCR4,7852,P61073,,,,-2.486688968,,,
CXCL3,2921,P19876,,,,,2.467332611,,
CXCL11,6373,O14625,,,,7.872891809,11.94954665,,
CXCL10,3627,P02778,,,,11.5141626,12.622518,,
CXCL1,2919,P09341,,,,4.892912779,2.575520553,,
CX3CR1,1524,P49238,,,1.886168855,,,,
CWC27,10283,Q6UX04,,,1.148642202,,,,
CUL3,8452,Q13618,,,2.008145591,,,,
CUEDC1,404093,Q9NWM3,,,1.132934623,,,,
CTSL,1514,P07711,,,1.335336416,,,,
CTSH,1512,P09668,,,1.569428916,,,,
CTNNA1,1495,P35221,,-0.997015091,,,,,
CTLA4,1493,P16410,,,,,2.24141435,,
CTIF,9811,O43310,,,1.848306635,,,,
CTAGE4,100128553,Q8IX94,,,2.257768841,,,,
CSTF2T,23283,Q9H0L4,,,1.840438773,,,,
CSPG4,1464,Q6UVK1,,,,,-2.07757809,,
CSNK1A1,1452,P48729,,,1.281350388,,,ZIKVug NS5,0.684649239
CSGALNACT1,55790,Q8TDX6,,,,,-2.595874857,,
CSDC2,27254,Q9Y534,,,1.172407878,,,,
CSAG3,389903,Q9Y5P2,,,,4.445062748,7.610430744,,
CSAG2,102723547,,,,,4.776230161,7.48228482,,
CS,1431,O75390,,,1.636958874,,,,
CRTC3,64784,Q6UUV7,,,1.827056632,,,,
CRTAC1,55118,Q9NQ79,,,1.290470243,,,,
CRLS1,54675,Q9UJA2,,,1.606030506,,,ZIKVug NS4A,0.600279205
CRABP2,1382,P29373,,,,,-2.535844259,,
CR2,1380,P20023,,,,,-2.494060888,,
CR1L,1379,Q2VPA4,,,,,2.109115369,,
CR1,1378,P17927,,,,,-2.401428976,,
CPSF1,29894,Q10570,,,1.638123402,,-2.050385506,"ZIKVfp NS5,ZIKVug NS5","0.786442849,0.699285753"
CPNE2,221184,Q96FN4,1.548069833,,,,,,
CPEB2,132864,Q7Z5Q1,,,1.120066871,,,,
CP,1356,P00450,,,1.189553509,,,,
COX8C,341947,Q7Z4L0,,,1.385177644,,,,
COX6B2,125965,Q6YFQ2,,,1.752218401,,,,
CORO1A,11151,P31146,,,1.238583266,,,,
COPS2,9318,P61201,1.146746077,,,,,"ZIKVfp NS5,ZIKVug NS5","0.681002057,0.669897739"
COLEC11,78989,Q9BWP8,,,1.233378179,,,,
COL6A5,256076,A8TX70,,,1.290056776,,,,
COL6A2,1292,P12110,,,,,-2.498572032,,
COL28A1,340267,Q2UY09,,,1.190984683,,,,
COL15A1,1306,P39059,,,2.080114425,,,,
COG8,84342,Q96MW5,,,1.135125604,,,"ZIKVfp NS4A,ZIKVug NS4A","0.860378952,0.897970774"
COG2,22796,Q14746,,,1.424323573,,,ZIKVfp NS4A,0.641410255
COCH,1690,O43405,,,1.571071245,,,,
COBL,23242,O75128,,,,,2.776970516,,
COA3,28958,Q9Y2R0,,,,,2.491948788,,
CNPY2,10330,Q9Y2B0,,,1.164543969,,,,
CNOT7,29883,Q9UIV1,,,1.66276163,,,,
CNOT6,57472,,,,1.222942828,,,,
CNMD,11061,O75829,,,1.822110102,,,,
CNKSR3,154043,Q6P9H4,,,1.836307679,,,,
CNIH3-AS2,102723817,,,,,,-2.530825855,,
CMYA5,202333,Q8N3K9,,,2.139870403,,,,
CMTR1,23070,Q8N1G2,,,1.113431476,,2.135127856,,
CMTM5,116173,Q96DZ9,,,1.469534038,,,,
CMTM4,146223,Q8IZR5,,,,-3.005429954,,,
CMTM2,146225,Q8TAZ6,,,1.210443874,,,,
CMPK2,129607,Q5EBM0,2.040383286,5.130396927,,5.051996257,8.334799005,,
CMPK1,51727,P30085,,,1.335682259,,,,
CMKLR1,1240,Q99788,,,,,2.353104574,,
CMC2,56942,Q9NRP2,,,1.247475446,,,,
CLUHP3,100132341,,,,,,2.501572188,,
CLTRN,57393,Q9HBJ8,,,1.669179727,,,,
CLPTM1L,81037,Q96KA5,,,2.187994719,,,,
CLPP,8192,Q16740,,0.902006536,,,,,
CLEC6A,93978,Q6EIG7,,,,,2.58571632,,
CLEC4E,26253,Q9ULY5,,,,2.004703488,3.710958778,,
CLEC4D,338339,Q8WXI8,,,,,2.905216662,,
CLEC3A,10143,O75596,,,1.247015116,,,,
CLEC17A,388512,Q6ZS10,,,1.257100673,,,,
CLEC12B,387837,Q2HXU8,,,1.591489842,,,,
CLEC11A,6320,Q9Y240,,,,,-2.230842311,,
CLDND1,56650,Q9NY35,,,1.309897135,,,,
CLDN5,7122,O00501,,,1.431670055,,,,
CLDN17,26285,P56750,,,1.207147338,,,,
CIMIP4,339669,O43247,,,1.191308933,,,,
CIDEB,27141,Q9UHD4,,,1.281913427,,-2.613574332,,
CIB4,130106,A0PJX0,,,1.329432256,,,,
CHTF8,54921,P0CG13,,,1.32198777,,,,
CHROMR,101927027,,,,,,2.112465624,,
CHRNB2,1141,P17787,,,1.39293185,,,,
CHRM1,1128,P11229,,,1.18440453,,,,
CHMP5,51510,Q9NZZ3,,,1.442567946,,,,
CHMP1B,57132,Q7LBR1,,,,,5.778031353,,
CHKA,1119,P35790,,,1.418423544,,,,
CHIT1,1118,Q13231,,-0.890968127,,,-2.73773005,,
CHCHD7,79145,Q9BUK0,,,1.242615052,,,,
CHAF1A,10036,Q13111,,,1.585654766,,,,
CGNL1,84952,Q0VF96,,,,,4.0765783,,
CGAS,115004,Q8N884,,,,,2.516292195,,
CFH,3075,P08603,,,1.323359744,,3.996317494,,
CFB,629,P00751,,,,3.155602643,6.251795966,,
CFAP96,441054,A7E2U8,,,1.679279103,,,,
CFAP58-DT,100505869,,,,,,2.961350215,,
CFAP54,144535,Q96N23,,,,2.76040107,4.665772602,,
CFAP45,25790,Q9UL16,,,1.117573646,,,,
CFAP43,80217,Q8NDM7,,,,,4.354962578,,
CFAP418,157657,Q96NL8,,,1.507017324,,,,
CFAP410,755,O43822,,,1.472895081,,,,
CFAP36,112942,Q96G28,,,1.096212317,,,,
CETN2,1069,P41208,,,1.145715287,,,DENV2 16681 NS3,0.6440675537631348
CERS6,253782,Q6ZMG9,,,1.434401998,,,,
CERS5,91012,Q8N5B7,,,1.271357952,,,,
CEP68,23177,Q76N32,,,1.158518427,,,,
CEP135,9662,Q66GS9,,,1.487509476,,,,
CEP126,57562,Q9P2H0,,,1.333853374,,,,
CEP120,153241,Q8N960,,,1.128412486,,,,
CEP112,201134,Q8N8E3,,,1.333378382,,,,
CENPQ,55166,Q7L2Z9,,,1.223845718,,,,
CENPL,91687,Q8N0S6,,,1.722987303,,,,
CENPF,1063,P49454,,,1.216794528,,,,
CENPB,1059,P07199,,,2.846879685,,,,
CEND1,51286,Q8N111,,,1.183848406,,,,
CEMIP,57214,Q8WUJ3,,,1.280053242,,,,
CEACAM1,634,P13688,,,,,2.517761347,,
CDR2L,30850,Q86X02,,,1.262947519,,,,
CDKL1,8814,Q00532,,,,,2.608121555,,
CDHR4,389118,A6H8M9,,,1.978961555,,,,
CDHR2,54825,Q9BYE9,,,1.309622497,,,,
CDH24,64403,Q86UP0,,,1.15321749,,,,
CDH23,64072,Q9H251,,,,,-3.250712492,,
CDH13,1012,P55290,,,1.174017981,,,,
CDCA7,83879,Q9BWT1,,,1.465682584,,,,
CDC37,11140,Q16543,,,1.143622871,,,"DENV2 16681 NS2B3,DENV2 16681 NS3","0.6276111381973145,0.7222995360512044"
CDC20B,166979,Q86Y33,,,1.332446611,,,,
CD81,975,P60033,,,1.288314517,,,,
CD80,941,P33681,,,,2.95983032,4.846014055,,
CD69,969,Q07108,,,,4.377155508,4.314133962,,
CD40,958,P25942,,,,,2.489837026,,
CD3G,917,P09693,,,1.532646396,,,,
CD38,952,P28907,,,,3.264786894,6.278654858,,
CD36,948,P16671,,-1.209982964,,,,,
CD302,9936,Q8IX05,,,,,-2.320837215,,
CD2AP,23607,Q9Y5K6,,,1.160544821,,,,
CD274,29126,Q9NZQ7,,,1.242951947,2.210636853,3.976167305,,
CD200R1,131450,Q8TD46,,,1.12136835,,,,
CD200,4345,P41217,,,,,2.539638845,,
CD1A,909,P06126,,,1.230682849,,,,
CD180,4064,Q99467,,,1.429259421,,,,
CD101,9398,Q93033,,,,,-2.417773164,,
CCZ1,51622,"['P86791', 'P86790']",,,1.467479882,,,,
CCSER1,401145,Q9C0I3,,,2.159274771,,,,
CCR7,1236,P32248,,,,,3.144420168,,
CCR4,1233,P51679,,,,,3.575848333,,
CCR2,729230,P41597,,,,,2.618963099,,
CCR1,1230,P32246,,,,,4.342913521,,
CCNA1,8900,P78396,,,,2.236580282,2.977491484,,
CCL8,6355,P80075,,,,9.317998522,11.84429203,,
CCL7,6354,P80098,,,,2.329612317,5.466117711,,
CCL5,6352,P13501,,,,,4.40415083,,
CCL4L2,9560,Q8NHW4,,,,,2.454512416,,
CCL4,6351,P13236,,,,,4.052485826,,
CCL3L3,414062,P16619,,,,3.359723547,4.862592577,,
CCL3,6348,P10147,,,,,3.727838289,,
CCL23,6368,P55773,,,,,2.078676643,,
CCL20,6364,P78556,,,,4.657882525,6.070524873,,
CCL2,6347,P13500,,,,3.258032279,6.402387058,,
CCL16,6360,O15467,,,1.253931904,,,,
CCL13,6357,Q99616,,,,,2.466677635,,
CCDC9B,388115,Q6ZUT6,,,,,-2.352068366,,
CCDC83,220047,Q8IWF9,,,1.95191548,,,,
CCDC65,85478,Q8IXS2,,,1.401604007,,,,
CCDC34,91057,Q96HJ3,,,,,-2.491056918,,
CCDC25,55246,Q86WR0,,,1.261254934,,,,
CCDC142,84865,Q17RM4,,,1.407009764,,,,
CCDC113,29070,Q9H0I3,,,1.2821376,,,,
CCDC102A,92922,Q96A19,,,1.130759392,,,,
CAVIN4,347273,Q5BKX8,,,,2.644085509,,,
CAVIN2,8436,O95810,,,1.216477047,,,,
CAV1,857,Q03135,,,,,2.864421793,,
CATSPER1,117144,Q8NEC5,,,,,-2.134241787,,
CASP7,840,P55210,,,,,2.068561318,,
CASP1,834,P29466,,,,2.006829679,3.320143245,,
CARM1,10498,Q86X55,,,1.529052305,,,,
CARD8-AS1,100505812,,,,,2.440001353,,,
CARD16,114769,Q5EG05,,,,,3.350519673,,
CARD14,79092,Q9BXL6,,,1.629452921,,,,
CAPN2,824,P17655,,,1.143643433,,,,
CAPN11,11131,Q9UMQ6,,,,,-2.709614451,,
CAMKMT,79823,Q7Z624,,,1.433564668,,,,
CAMK4,814,Q16566,,,1.481329315,,,,
CAMK1G,57172,Q96NX5,,,,,3.046001645,,
CALN1,83698,Q9BXU9,,,1.57100772,,,,
CALHM6,441168,Q5R3K3,,,,2.992169771,3.42917475,,
CALHM4,221301,Q5JW98,,,1.708101066,,,,
CALCOCO2,10241,Q13137,,,1.659675826,,,,
CALCOCO1,57658,Q9P1Z2,-4.320640808,,,,,,
CACNG2,10369,Q9Y698,,,1.301621078,,,,
CACNB1,782,Q02641,,,,-2.40549154,,,
CACNA1S,779,Q13698,,,1.261835173,,,,
CACNA1G,8913,O43497,,,,,-2.080994729,,
CACNA1A,773,O00555,,,,2.283277106,2.617682286,,
CABYR,26256,O75952,,,1.176543541,,,,
CABLES1,91768,Q8TDN4,,,2.730455862,,,,
C9orf78,51759,Q9NZ63,,,1.385285803,,,,
C9orf152,401546,Q5JTZ5,,,,,4.699652642,,
C7orf57,136288,Q8NEG2,,,,,-2.231609473,,
C7orf50,84310,Q9BRJ6,,,1.445131781,,,,
C6orf58,352999,Q6P5S2,,,1.468437246,,,,
C6orf141,135398,Q5SZD1,,,,6.609377237,9.294847264,,
C5AR1,728,P21730,,,,,-2.36555745,,
C5,727,P01031,,,,,2.846838813,,
C4orf33,132321,Q8N1A6,,,1.34663602,,,,
C4orf3,401152,Q8WVX3,,,,,3.002039033,,
C3orf52,79669,Q5BVD1,,,,2.432385913,3.747320726,,
C3orf38,285237,Q5JPI3,,,,,2.235415446,,
C2orf78,388960,A6NCI8,,,1.238836529,,,,
C2CD5,9847,Q86YS7,,,1.164242906,,,,
C2CD2L,9854,O14523,,,1.481831748,,,,
C21orf91,54149,Q9NYK6,,,,2.750916765,3.100855359,,
C21orf58,54058,P58505,,,1.211570909,,,,
C1S,716,P09871,,,,,4.548051244,,
C1R,715,P00736,,,,3.933583208,4.384578204,,
C1QTNF12,388581,Q5T7M4,,,1.782578385,,,,
C1QL3,389941,Q5VWW1,,,1.291438694,,,,
C1orf74,148304,Q96LT6,,,,3.048120377,,,
C1orf216,127703,Q8TAB5,,,,,3.201422912,,
C1orf174,339448,Q8IYL3,,,1.259581879,,,,
C1orf115,79762,Q9H7X2,,,1.208436458,,-2.440088272,,
C18orf21,83608,Q32NC0,,,1.155826221,,,ZIKVfp Capsid,0.700995948
C17orf67,339210,Q0P5P2,,,,,2.285171796,,
C16orf82,162083,Q7Z2V1,,,1.953650659,,,,
C16orf74,404550,Q96GX8,,,1.745473653,,,,
C16orf54,283897,Q6UWD8,,,,,-2.702161874,,
C15orf48,84419,Q9C002,,,,,2.747030534,,
C14orf119,55017,Q9NWQ9,,,1.583401555,,,,
C12orf57,113246,Q99622,,,1.212477691,,,ZIKVug NS5,0.895959388
C11orf68,83638,Q9H3H3,,,1.156746549,,,,
C11orf52,91894,Q96A22,,,1.419339392,,,,
BUB1B,701,O60566,,,1.332306509,,,,
BTG1,694,P62324,,,,,3.259494373,,
BRIP1,83990,Q9BX63,,,,4.015143988,4.596687723,,
BRDT,676,Q58F21,,,2.324418334,,,,
BRCA2,675,P51587,,,,,2.817446578,ZIKVug NS3,0.665030016
BRAP,8315,Q7Z569,0.950359927,,2.132240838,,,,
BPIFA3,128861,Q9BQP9,,,1.182223851,,,,
BORCS7,119032,Q96B45,,,1.38229702,,,,
BORCS6,54785,Q96GS4,-1.140864972,,,,,,
BORA,79866,Q6PGQ7,,,1.713066847,,,,
BOP1,23246,Q14137,,,,,-2.484914844,,
BOD1L1,259282,Q8NFC6,,-1.871358958,,,,,
BNIP2,663,Q12982,,,1.706282667,,,,
BMP2,650,P12643,,,,,3.92475098,,
BMP10,27302,O95393,,,1.268597861,,,,
BMAL2-AS1,101928646,,,,,,2.527310067,,
BLZF1,8548,Q9H2G9,,,,,2.48161567,,
BLVRB,645,P30043,1.492405884,,,,,,
BLCAP,10904,P62952,,,,,2.014974692,,
BIRC3,330,Q13489,,,,,2.775298077,,
BCL7B,9275,Q9BQE9,,,1.297503381,,,,
BCL2L14,79370,Q9BZR8,,,,,5.769212363,,
BCL2L11,10018,O43521,,,,,2.219845553,,
BBS9,27241,Q3SYG4,,,1.411459413,,,,
BBS12,166379,Q6ZW61,,,1.419450801,,,,
BAZ2A,11176,Q9UIF9,,,1.215689884,,,,
BATF3,55509,Q9NR55,,,,,2.174180071,,
BANK1,55024,Q8NDB2,,,,,2.047342758,,
BANF1,8815,O75531,,,1.989744015,,,,
BAMBI,25805,Q13145,,,,2.401914434,,,
BAIAP2-DT,440465,,,,,,-3.439477616,,
BAD,572,Q92934,,,1.627064373,,,,
BACE1,23621,P56817,,,1.676108684,,,,
BABAM2,9577,Q9NXR7,,,1.28188342,,,,
BAALC-AS2,157556,,,,,,2.6966314,,
BAALC-AS1,100499183,,,,,,3.719516574,,
BAALC,79870,Q8WXS3,,,,,2.890563291,,
B4GALT2,8704,O60909,,,,,-2.781025028,,
AZIN2,113451,Q96A70,,,,2.1047271,2.53622716,,
AZGP1,563,P25311,,,1.170849738,,,,
AXL,558,P30530,,,,2.595528776,3.105497759,,
AVPI1,60370,Q5T686,,,1.659858407,,,,
AUTS2,26053,Q8WXX7,,,1.313546644,,,,
AURKAIP1,54998,Q9NWT8,,,,,-2.282828926,,
ATRX,546,P46100,,,1.280628723,,,,
ATRNL1,26033,Q5VV63,,,1.537668835,,,,
ATP9A,10079,O75110,,,,,-3.373656069,,
ATP6V1D,51382,Q9Y5K8,,,1.223337992,,,,
ATP6V0E2,155066,Q8NHE4,,,,,-2.300612276,,
ATP6V0D2,245972,Q8N8Y2,,,,,-2.185036588,,
ATP2C1,27032,P98194,,,1.648952017,,,,
ATP10A,57194,O60312,,,,2.00332427,2.050217097,,
ATOX1,475,O00244,,,1.455336978,,,,
ATOH1,474,Q92858,,,1.113533245,,,,
ATG7,10533,O95352,,-1.628836661,,,,,
ATG16L2,89849,Q8NAA4,,,1.199484017,,,,
ATF6,22926,P18850,,,1.403598264,,,,
ASTN2,23245,O75129,,,,,-2.022123159,,
ASTN1,460,O14525,,,2.065575242,,,,
ASTL,431705,Q6HA08,,,1.623197529,,,,
ASS1,445,P00966,,,1.650535295,,,,
ASH1L-AS1,645676,,,,,,2.928687025,,
ASB6,140459,Q9NWX5,,,1.34706529,,,,
ASB16,92591,Q96NS5,,,2.368093529,,,,
ASAH2B,653308,P0C7U1,,,,3.435661913,4.841829419,,
ASAH2,56624,Q9NR71,,,,3.6152262,2.41919267,,
ARPC4,10093,P59998,,,1.251956847,,,,
ARMCX1,51309,Q9P291,,,1.391336473,,,,
ARL6IP4,51329,Q66PJ3,,,1.47408154,,,,
ARL4D,379,P49703,,,1.171410588,,,,
ARL4C,10123,P56559,,,2.106404899,3.734929534,,,
ARL16,339231,Q0P5N6,,,1.703320572,,,,
ARL13A,392509,Q5H913,,,1.261600402,,,,
ARIH2,10425,O95376,,,1.530659792,,,,
ARHGEF38,54848,Q9NXL2,,,,,2.576734595,,
ARHGEF17,9828,Q96PE2,,,,,-2.068308299,,
ARHGEF11,9826,O15085,,,1.773207142,,,,
ARHGEF1,9138,Q92888,,,1.446617101,,,,
ARHGDIB,397,P52566,,,,,-2.099431708,,
ARHGAP44,9912,Q17R89,,,1.34449421,,,,
ARHGAP35,2909,Q9NRY4,,,1.147381372,,,,
ARHGAP26,23092,Q9UNA1,,,1.203776159,,,,
ARFGEF3,57221,Q5TH69,,,,,-2.696687869,,
AREL1,9870,O15033,,,1.129472356,,,,
ARC,23237,Q7LC44,,,2.052433823,,,,
APOL6,80830,Q9BWW8,,,,,3.236277341,,
APOL4,80832,Q9BPW4,,,,2.001256032,,,
APOL3,80833,O95236,,,,2.446070745,4.06881399,,
APOL1,8542,O14791,,,1.354420956,2.392470099,3.729262931,,
APOE,348,P02649,,,,,-2.567069606,,
APOC2,344,P02655,,,1.245704849,,-2.559420154,,
APOC1,341,P02654,,,,,-2.222580806,,
APOBEC3H,164668,Q6NTF7,,,,2.3947173,3.243053936,,
APOBEC3G,60489,Q9HC16,,,,2.811164471,2.923848397,,
APOBEC3F,200316,Q8IUX4,,,,2.370987214,2.227193397,,
APOBEC3D,140564,,,,,,2.664317872,,
APOBEC3B,9582,Q9UH17,,,,5.127093366,6.635819654,,
APOBEC3A,200315,P31941,,,,6.532211087,9.230324715,,
APMAP,57136,Q9HDC9,,,1.250037329,,,DENV2 16681 NS4B,0.6122690619884055
API5P1,642812,,,,,,2.709238975,,
APBA1,320,Q02410,,,,,-2.157627289,,
AP5Z1,9907,O43299,,,1.735427086,,,,
AP5S1,55317,Q9NUS5,,,,2.425584752,,,
AP3D1,8943,O14617,,,1.249460613,,,,
AP1M1,8907,Q9BXS5,,,1.255055788,,,,
ANXA3,306,P12429,,,1.313024009,,,,
ANXA11,311,P50995,,,1.727706644,,,,
ANXA10,11199,Q9UJ72,,,,3.002211733,2.981065246,,
ANXA1,301,P04083,,,1.782002792,,,,
ANKRD50,57182,Q9ULJ7,,,1.805581526,,,,
ANKRD37,353322,Q7Z713,,,1.248258833,,,,
ANKRD33B,651746,A6NCL7,,,,,2.534580849,,
ANKRD27,84079,Q96NW4,,,1.738449439,,,,
ANKRD22,118932,Q5VYY1,,,,3.231074516,5.722128875,,
ANKRD20A2P,441430,,,,1.097282449,,,,
ANKRD1,27063,Q15327,,,,,4.011624881,,
ANGPT4,51378,Q9Y264,,,,,-3.787907556,,
ANGEL2,90806,Q5VTE6,,,1.282725168,,,,
ANAPC15,25906,P60006,,,1.635136842,,,,
ANAPC13,25847,Q9BS18,,,1.096644882,,,,
AMPH,273,P49418,,,1.169981659,,,,
AMOTL2,51421,Q9Y2J4,,,,4.948503833,5.297037431,,
AMOT,154796,Q4VCS5,,,,,2.857708838,DENV2 16681 NS3,0.6771570391551944
AMIGO2,347902,Q86SJ2,,,1.912897024,,,,
AMIGO1,57463,Q86WK6,,,,,-2.169418483,,
AMER3,205147,Q8N944,,,1.136601483,,,,
AMER1,139285,Q5JTC6,,,,2.918630518,,,
AMDHD2,51005,Q9Y303,,,1.098825265,,-2.126803403,,
ALPK2,115701,Q86TB3,,,,,4.495268867,,
ALOX12,239,P18054,,,1.599616596,,,,
ALMS1P1,200420,,,,,3.592953062,5.239902892,,
ALKBH5,54890,Q6P6C2,,,1.626623794,,,,
ALKBH1,8846,Q13686,,,1.492033525,,,,
ALDOA,226,P04075,,,1.430417697,,,,
ALDH3A1,218,P30838,,,1.244342609,,,,
AKT1S1,84335,Q96B36,,,1.219485106,,,,
AKR7A2,8574,O43488,,,,,-2.206728235,,
AKAP7,9465,"['Q9P0M2', 'O43687']",,,,,2.240255264,,
AKAP5,9495,P24588,,,,-5.701438206,,,
AKAP14,158798,Q86UN6,,,1.241811652,,,,
AK1,203,P00568,,,,,-2.269515137,,
AIRE,326,O43918,,,1.132241505,,,,
AIM2,9447,O14862,,,,5.117270866,6.763267703,,
AHNAK2,113146,Q8IVF2,,,,,-2.0949593,,
AHNAK,79026,Q09666,,,,,-2.240781324,,
AGTR1,185,P30556,,,1.099961615,,,,
AGPAT5,55326,Q9NUQ2,,,1.190737289,,,"DENV2 16681 NS4A,ZIKVfp NS4A,ZIKVug NS4A","0.8289380913412289,0.790775484,0.767992675"
AGO1,26523,Q9UL18,,,,,-2.114362548,,
AGL,178,P35573,-1.062767157,,1.172582213,,,,
AGGF1,55109,Q8N302,,,1.618565095,,,,
AGAP7P,653268,,,,1.26038544,,,,
AFMID,125061,Q63HM1,,,1.101696798,,,,
AFF3,3899,P51826,,,,,-2.713919593,,
AFAP1L1,134265,Q8TED9,,,,,-3.117415357,,
AFAP1-AS1,84740,,,,,,3.158601833,,
AFAP1,60312,Q8N556,,,,,3.128913455,,
ADRB2,154,P07550,,,1.502924819,,,,
ADRA2B,151,P18089,,,,,-2.971230139,,
ADNP2,22850,Q6IQ32,,,1.276512822,,,,
ADGRG6,57211,Q86SQ4,,,,,-2.399402395,,
ADGRE1,2015,Q14246,,,,2.000805687,2.315003118,,
ADCY2,108,Q08462,,,1.142708628,,,,
ADCY1,107,Q08828,,,,,-2.173661195,,
ADAMTSL4-AS1,574406,,,,,,2.416073423,,
ADAMTSL3,57188,P82987,,,2.14426412,,,,
ADAMTS5,11096,Q9UNA0,,,,,6.062355889,,
ADAMTS2,9509,O95450,,,1.299252448,,,,
ADAMDEC1,27299,O15204,,,,,3.003627516,,
ADAM7,8756,Q9H2U9,,,1.403640738,,,,
ADAM32,203102,Q8TC27,,,1.171694949,,,,
ADAM19,8728,Q9H013,,,1.189382527,,2.403777693,,
ADAM11,4185,O75078,,,1.318672532,,,,
ACY1,95,Q03154,,,1.151887707,,-2.26738547,,
ACVR1C,130399,Q8NER5,,,1.147721916,,,,
ACTR5,79913,Q9H9F9,,,1.639720896,,,DENV2 16681 NS2A,0.6645738931205409
ACSS1,84532,Q9NUB1,,,1.994937339,,,,
ACOX2,8309,Q99424,,,,,-2.123477541,,
ACOT1,641371,Q86TX2,1.608293391,,,,,,
ACOD1,730249,A6NK06,,,,5.287531439,6.432191793,,
ACLY,47,P53396,,,1.139619113,,,,
ACACB,32,O00763,,,1.126953641,,,,
ABTB2,25841,Q8N961,,,,,2.789290698,,
ABT1,29777,Q9ULW3,,,,2.012044734,,"DENV2 16681 NS5,ZIKVfp Capsid,ZIKVug Capsid","0.715651455415647,0.690422778,0.687903036"
ABLIM3,22885,O94929,,,,,-4.255645793,,
ABHD16A,7920,O95870,,,1.770358953,,,,
ABHD12,26090,Q8N2K0,,,1.264630864,,,ZIKVfp NS4A,0.765868456
ABCG2,9429,Q9UNQ0,,,1.293657237,,,,
ABCD3,5825,P28288,,0.994369676,,,,DENV2 16681 NS4A,0.718064654604823
ABCC2,1244,Q92887,,,1.209934253,,,,
ABCB9,23457,Q9NP78,,,,,-2.021557622,,
ABCA2,20,Q9BZC7,,,,,-2.435632949,,
AAR2,25980,Q9Y312,,,1.493487854,,,,
AAGAB,79719,Q6PD74,,,1.644902939,,,,
A2M,2,P01023,,-2.371771761,,,,,
,1231,,,,1.495977128,,,,
,934,,,,1.179855868,,,,
,348738,,,,1.669792259,,,,
,222521,,,,1.379272465,,,,
,375347,,,,1.813244398,,,,
,338809,,,,1.129611365,,,,
,441956,,,,1.722569978,,,,
,641522,,,,1.342250663,,,,
,100129885,,,,1.684708216,,,,
,45338,,,,,-5.887024392,5.202878223,,
,45338,,,,,-5.887024392,5.169160173,,
,45338,,,,,-5.887024392,3.07455597,,
,45338,,,,,-5.887024392,2.817277145,,
,45338,,,,,-5.887024392,2.188067157,,
,45338,,,,,-2.73425636,5.202878223,,
,45338,,,,,-2.73425636,5.169160173,,
,45338,,,,,-2.73425636,3.07455597,,
,45338,,,,,-2.73425636,2.817277145,,
,45338,,,,,-2.73425636,2.188067157,,
,45338,,,,,4.086980456,5.202878223,,
,45338,,,,,4.086980456,5.169160173,,
,45338,,,,,4.086980456,3.07455597,,
,45338,,,,,4.086980456,2.817277145,,
,45338,,,,,4.086980456,2.188067157,,
,45338,,,,,2.314897782,5.202878223,,
,45338,,,,,2.314897782,5.169160173,,
,45338,,,,,2.314897782,3.07455597,,
,45338,,,,,2.314897782,2.817277145,,
,45338,,,,,2.314897782,2.188067157,,